0,1,2,3,4,5,,,,,,
4,1676194176,Fri May 01 21:20:56 PDT 2009,NO_QUERY,JudoKickJessie,today was awesome!! body worlds museum was great! love to look @ plastinated bodies! gonna def go back! ,,,,,,
4,1754626186,Sun May 10 06:53:32 PDT 2009,NO_QUERY,mikefelker,@brownymix13 I know!! We'll be around before ya know it though ,,,,,,
0,1986069449,Sun May 31 18:16:25 PDT 2009,NO_QUERY,nkotblee,@jordanknight my sis is sad that ur not in raliegh tomorrow  could u give her a shout out @amygarbo to make her feel better? Please!!,,,,,,
4,1970106366,Sat May 30 02:28:53 PDT 2009,NO_QUERY,Wikivic,"Burning charcoal incense for the first time in years, its so cool when the charcoal crackles into life ",,,,,,
0,1827804493,Sun May 17 11:29:01 PDT 2009,NO_QUERY,dopegirlfresh,@sherealcool good lord. i'm so sorry it wasn't more fun for you.  now i don't feel quite as terrible about missing it.,,,,,,
0,1984764086,Sun May 31 15:45:42 PDT 2009,NO_QUERY,zeet75,Going out with my parents and I just got my camera back from my brother and he deleted my The World We Live In video entry.  Grrr.,,,,,,
0,2266728375,Sun Jun 21 09:00:15 PDT 2009,NO_QUERY,Phoebex_,"argggg, doing science homework.  does anybody know what boyles law is ....",,,,,,
0,2188017804,Mon Jun 15 21:10:00 PDT 2009,NO_QUERY,katwoman1202,Getting ready to have surgery tomorrow. Just realized its past midnight so no more to eat or drink. Boo ,,,,,,
4,2056789494,Sat Jun 06 11:47:50 PDT 2009,NO_QUERY,BreeSymone,@AriesChild getcho sportscaster/ charles barkley LA sports lovin...Hey girl!!!! ,,,,,,
4,1681103157,Sat May 02 13:13:16 PDT 2009,NO_QUERY,auntieali17,@poyntey i quite liked the knitting ladies  quality entertainment,,,,,,
0,2064345407,Sun Jun 07 06:00:25 PDT 2009,NO_QUERY,kennypham,"Leaving for church here soon...and I hope today's a good day :/ Amazing weather, but nobody's making plans with me  I'm bumbed out 'cause",,,,,,
4,2051292381,Fri Jun 05 21:31:50 PDT 2009,NO_QUERY,soccachik5,"@taylorswift13 hey Taylor! Great concert! My sisters and I are  waiting outside to see you and meet you, along with some other fans ",,,,,,
0,2052080781,Fri Jun 05 23:36:14 PDT 2009,NO_QUERY,michxxblc,@Dorin23 yeah!  It's okay.,,,,,,
0,1572904997,Mon Apr 20 22:58:44 PDT 2009,NO_QUERY,jaylen2,@livethelyrics i could've dropped his name. you should be glad i didn't drop his four letter name. OH SNAP. sorry b got a twitter ,,,,,,
4,1823918250,Sat May 16 23:24:53 PDT 2009,NO_QUERY,JULIEDIDWHAT,Dude the stars are gorgeous. Text me ,,,,,,
0,2056253734,Sat Jun 06 10:48:29 PDT 2009,NO_QUERY,rachLOVESmcfly,@peoplefight i were on mcfly secrets about 3 weeks ago ,,,,,,
4,2004491141,Tue Jun 02 08:17:01 PDT 2009,NO_QUERY,TuttiFrutti_,http://twitpic.com/6gtyi - #mcflyforgermany in the trending topics!! ,,,,,,
4,1827593262,Sun May 17 11:02:19 PDT 2009,NO_QUERY,MsBourgeoisie,"@Shadae_B Thanks Shadae  We waiting on you, red or white? We have whatever you like.",,,,,,
0,2001978048,Tue Jun 02 02:43:53 PDT 2009,NO_QUERY,LuckyM08,my computer is broken and i don't know when i'll have the money to fix it ,,,,,,
4,1752750820,Sat May 09 22:52:02 PDT 2009,NO_QUERY,kasmac92,@officialTila who you snugglin with Tila??? ,,,,,,
4,1985788487,Sun May 31 17:46:27 PDT 2009,NO_QUERY,mrs_c_ramirez,On da 405 fwy .. Heading around ucla for a treat ,,,,,,
4,1978833554,Sun May 31 00:37:37 PDT 2009,NO_QUERY,Poidoghomeslice,"The Freshman 15.. psssh, more like the freshman 3! ",,,,,,
0,2261967211,Sat Jun 20 21:39:20 PDT 2009,NO_QUERY,kimberly625,@itszMARYANNE please have that talk with him. and no cellcast tomorrow as i know of. after i convinced my mom to meet her friend at noon. ,,,,,,
4,1992975908,Mon Jun 01 09:37:45 PDT 2009,NO_QUERY,liznieto,@IamNanZ: Yeah! Haha did you read the one about the FML t shirt?! Lol i read those everyday!  &lt,3Liz,,,,,
0,2058874202,Sat Jun 06 15:48:05 PDT 2009,NO_QUERY,madinasalahi,Grrrr. Mom is making me wear flats to promotion instead of converse ,,,,,,
4,1883243506,Fri May 22 08:14:21 PDT 2009,NO_QUERY,mzcara239,its [11:14am] wayyyy to early for me to be up!!!! ,,,,,,
4,2003245358,Tue Jun 02 06:10:11 PDT 2009,NO_QUERY,ValueIntoWords,"@WorkWIthIllness He's reviewing it now - main goal, besides tight, pithy content, is that the resume strategy/focus is 'on point.' ",,,,,,
0,2014152914,Wed Jun 03 00:37:05 PDT 2009,NO_QUERY,Sorabu,Off to High School!  Good morning everyone! ,,,,,,
0,1833940152,Mon May 18 01:01:09 PDT 2009,NO_QUERY,theantidate,I need to get away from everyone. Jaded so fucking jaded  - http://tweet.sg,,,,,,
0,2295478233,Tue Jun 23 07:58:50 PDT 2009,NO_QUERY,john_cats,Heart burn ,,,,,,
4,2049595775,Fri Jun 05 17:09:25 PDT 2009,NO_QUERY,hannah__banana_,"sarah's dance recital! then dont know what after that, so text me ",,,,,,
4,1833727560,Mon May 18 00:14:51 PDT 2009,NO_QUERY,royasmusic,"@PharrellW Awesome! Never been to something like this, I'll try to have my bro get the UCLA tix ",,,,,,
0,2062808631,Sun Jun 07 00:22:10 PDT 2009,NO_QUERY,BBREBISZ,It's raining and I've got race for life ,,,,,,
4,2176446692,Mon Jun 15 03:54:00 PDT 2009,NO_QUERY,marisavasan,"YAY!! LA ZOO WITH MY BBYS &lt;33!! i wish i could use the GPS on #squarespace to get there! TOO BAD I DONT HAVE ONE, WE'LL GET LOST INSTEAD ",,,,,,
0,1833501027,Sun May 17 23:29:25 PDT 2009,NO_QUERY,katoidcelebrity,@DavidArchie I was about to watch your concert here but had to attend some family reunion..sad  I heard it was very successful. Congrats!,,,,,,
0,1835357390,Mon May 18 05:48:15 PDT 2009,NO_QUERY,itsanimesh,My net is still not working..  what the hell is wrong with mtnl.. :-x,,,,,,
0,2069357951,Sun Jun 07 15:43:51 PDT 2009,NO_QUERY,nowayitstayluh,Ah headache ,,,,,,
4,2049781206,Fri Jun 05 17:29:21 PDT 2009,NO_QUERY,FOXXYFARAH,@twittterkingz IT'S ME!!!!! OKAY K K!! IN FULL EFFECT! LOL ,,,,,,
0,2225336100,Thu Jun 18 10:35:45 PDT 2009,NO_QUERY,seachellestar,"AAAAH. Ran out of time on Phantom Hourglass, so I died. Then, as I was about to try and get back to where I was, my battery died  Fail",,,,,,
0,2213582092,Wed Jun 17 15:34:06 PDT 2009,NO_QUERY,tamipants,@PatrickHoban You always go to Chipotle without me.    hmph.,,,,,,
4,1980082674,Sun May 31 05:37:27 PDT 2009,NO_QUERY,MsCalleighBaby,"@Ms_Andews Aww no problem, you looked AMAZING!!!  Glad you had a great time it was great to see you ",,,,,,
4,1563851094,Mon Apr 20 00:33:23 PDT 2009,NO_QUERY,tiadame,@3dnatee please don't tease the people like that... u know they were probably drooling all over ur videos... ,,,,,,
4,1553772223,Sat Apr 18 15:10:09 PDT 2009,NO_QUERY,kdem,@markygk Have more contests ,,,,,,
4,2063786259,Sun Jun 07 04:04:11 PDT 2009,NO_QUERY,colelove,@Soapbox89 no you're not ,,,,,,
4,2012170895,Tue Jun 02 20:11:17 PDT 2009,NO_QUERY,WalkingHorse,@Tipigal Hey! I'm doing great! How exciting for you! I bet you are thrilled! ,,,,,,
4,1964546987,Fri May 29 14:24:38 PDT 2009,NO_QUERY,Moon_Dancing,"Laptop undocked, take home work packed up, walking through the lobby. Well hello weekend, it's nice to see you ",,,,,,
0,1827043778,Sun May 17 09:52:21 PDT 2009,NO_QUERY,abbaproperties,Client chooses another unit for rent at Manila area for her daughter. Update her for other preselling projects ,,,,,,
4,1883244378,Fri May 22 08:14:26 PDT 2009,NO_QUERY,kham19,just scribed to the Prime Minister of Canada's Email list - http://pm.gc.ca/eng/Subscribe.asp . This way I can keep in touch with him  ,,,,,,
4,1470097937,Tue Apr 07 08:20:29 PDT 2009,NO_QUERY,konadora,@mrbushido i &lt,3 the quality! 1280x760 h264 + Eclipse ,,,,,
4,2006369869,Tue Jun 02 11:04:05 PDT 2009,NO_QUERY,karrock,"@alitherunner hehehe, yeah, me too actually -- and I knock Spin Doctors, but I'm no hater, you'll find them both in my last.fm playlist ",,,,,,
0,2241085851,Fri Jun 19 10:31:25 PDT 2009,NO_QUERY,KelChelle,Trying to find the energy to get out of bed. I hate being sick. ,,,,,,
4,1795604183,Thu May 14 08:03:34 PDT 2009,NO_QUERY,khoadley,@WiscMAG none of that fancy tea for me.. i'm drinking english breakfast. ,,,,,,
0,2175458486,Mon Jun 15 01:02:37 PDT 2009,NO_QUERY,oohlookacat,"heard the intro, 15 seconds but *whimper* i want the whole song!! ",,,,,,
4,1995340152,Mon Jun 01 13:20:01 PDT 2009,NO_QUERY,AngelaGillham,@Jail4Bail I would have liked to have a like button to press for your last comment ,,,,,,
4,1975739509,Sat May 30 15:47:55 PDT 2009,NO_QUERY,_lexiaa,At golden corral, haha we love food ,,,,,
4,1995528554,Mon Jun 01 13:38:08 PDT 2009,NO_QUERY,LauraPickeringx,@LucasCruikshank No worries. They're just jealous people who don't deserve the respect you're giving them  xxx,,,,,,
0,1957455270,Fri May 29 00:33:18 PDT 2009,NO_QUERY,EmmaaCluniee,Ill in bed my stomach is killing me ,,,,,,
4,1831218586,Sun May 17 18:27:00 PDT 2009,NO_QUERY,Nephratari,@robluketic that was crazy cool ,,,,,,
4,1988872982,Sun May 31 23:37:40 PDT 2009,NO_QUERY,nicole_sea,@thatkuehnelady Totally. ,,,,,,
4,1677795388,Sat May 02 04:01:54 PDT 2009,NO_QUERY,victoriabenge,Feel like im going to pass out? not very good. Might go take a shower and rest for a bit... ,,,,,,
4,1970016882,Sat May 30 02:06:45 PDT 2009,NO_QUERY,Catichka,! am off to eat swiss food! shall be fun   good to spend a night with the boys &gt,&lt, /out,,,,
4,2063151952,Sun Jun 07 01:33:34 PDT 2009,NO_QUERY,nicolekoykoy,speechless ,,,,,,
4,1979998886,Sun May 31 05:19:24 PDT 2009,NO_QUERY,spyblogger,@ghourii rules social media ,,,,,,
0,2180059948,Mon Jun 15 09:57:28 PDT 2009,NO_QUERY,mileycyrusssss,http://twitpic.com/7h2nl - I wish you were here @ifyouseekdemi.  i miss you so much ,,,,,,
0,1792441123,Wed May 13 23:08:41 PDT 2009,NO_QUERY,AshGNAR,Head hurts.. ,,,,,,
4,1989082952,Mon Jun 01 00:17:22 PDT 2009,NO_QUERY,chocoshabi,yaaaaaaaaaaaaaaaaaay Miley won!   ,,,,,,
0,2054060837,Sat Jun 06 06:27:22 PDT 2009,NO_QUERY,PandaDong,kinda wish I was going to Camp Joy today ,,,,,,
4,2051446602,Fri Jun 05 22:02:32 PDT 2009,NO_QUERY,celinieee,@VogueChic Weee~ Glad you love it  xDD I love it too xDD lolz.,,,,,,
0,1962878877,Fri May 29 11:50:54 PDT 2009,NO_QUERY,acrowe22,@majayy what about me  I miss you too!,,,,,,
0,2187425386,Mon Jun 15 20:15:47 PDT 2009,NO_QUERY,ArchAnngel21,Sighs..... Life is stressful...  Is it even worth living?,,,,,,
0,1974046129,Sat May 30 12:20:01 PDT 2009,NO_QUERY,Drake250,"It is hot out. Just as i hopped it would NOT be, just my luck ",,,,,,
4,2060438873,Sat Jun 06 18:54:30 PDT 2009,NO_QUERY,Karabeth2,Hey!  It worked.   Guess an old dog can learn a few new tricks.  (Experiment complete!)  ,,,,,,
0,1898397987,Sat May 23 18:05:13 PDT 2009,NO_QUERY,artistiquemeg,Showered and fresh...homework? ,,,,,,
4,1754006999,Sun May 10 04:32:55 PDT 2009,NO_QUERY,vicmack123,I eat a pear lovely pear ,,,,,,
4,1685776912,Sun May 03 02:01:26 PDT 2009,NO_QUERY,esaweesa,@TheEllenShow can i just say that you're the funniest person ever! ,,,,,,
4,1982399694,Sun May 31 11:07:52 PDT 2009,NO_QUERY,weiseldog,@goddessgreeneye why thank you!..i wish someone else would say that  your beautiful to my kitten..,,,,,,
4,1751288239,Sat May 09 19:06:00 PDT 2009,NO_QUERY,HLoser,seeing Star Trek tonight! Super stoked. ,,,,,,
0,2248336661,Fri Jun 19 20:27:53 PDT 2009,NO_QUERY,ebzworldwide,its 11 30 and i jus started cleaning my room .. let's see wat tyme i finish this project  SMH,,,,,,
4,1678944300,Sat May 02 08:08:15 PDT 2009,NO_QUERY,jennyvonhelms,"@christyheins My mom is a fan, so Neil was part of my childhood. At work I listen to more 80s  ",,,,,,
4,2180847944,Mon Jun 15 11:01:35 PDT 2009,NO_QUERY,touchnote,@lullyweb ahem... cough cough...! ,,,,,,
0,2241288436,Fri Jun 19 10:46:08 PDT 2009,NO_QUERY,seapigeon,"On Calmac ferry Loch Shira to Cumbrae, weather looking a bit iffy ",,,,,,
0,1979231275,Sun May 31 02:10:02 PDT 2009,NO_QUERY,thepetshopboy,@AlanaJoy me thinks you're having WAY more fun then i am tonite...lol  i'm craving fred 62's pop tarts right now ,,,,,,
0,2050352741,Fri Jun 05 18:31:02 PDT 2009,NO_QUERY,comascape,Just a warning to everyone - Natural Ice is in no way a stand-in for Bud Ice - Even though they are from the same brewery. ,,,,,,
4,1835043583,Mon May 18 04:59:02 PDT 2009,NO_QUERY,andrewdearling,@hotpatooties i came back ,,,,,,
4,1986092769,Sun May 31 18:18:39 PDT 2009,NO_QUERY,badgehungry,@seejaykaygee 32? impressive! i think i lost steam around 15. i'm flighty like that ,,,,,,
4,2191791097,Tue Jun 16 05:58:42 PDT 2009,NO_QUERY,pastries101,"Thinking about heading off to the mall today,afterwards maybe practice some tricks on my skateboard and crank up some tunes on my guitar ",,,,,,
4,2185146955,Mon Jun 15 16:57:24 PDT 2009,NO_QUERY,sadiiiefidget,@niiicolebby rly? do i even wanna look? http://www.purevolume.com/heymonday/photos/2826832 that'll make you feel better ,,,,,,
4,2000602928,Mon Jun 01 22:29:50 PDT 2009,NO_QUERY,Shopping_SF,Freebie: Keep healthy with a free Kellogg's All-Bran pack: http://short.to/1cp2 Follow me for your Twitter freebies! ,,,,,,
4,1933083469,Tue May 26 22:57:18 PDT 2009,NO_QUERY,ryanlrussell,"@hellnbak So the religions all agree on something, but not you, eh? ",,,,,,
4,1554138925,Sat Apr 18 16:10:28 PDT 2009,NO_QUERY,sdgordon,going for a run on this beautiful day ,,,,,,
4,1989307870,Mon Jun 01 01:04:05 PDT 2009,NO_QUERY,robocallaghan,@rebeccacaroe maybe we need a #tuttle seed/plant swap section to get others growing their own ,,,,,,
0,1835771886,Mon May 18 06:43:05 PDT 2009,NO_QUERY,tyllyn,Why do I have &quot,Freshmen&quot, stuck in my head? ,,,,
4,1967605175,Fri May 29 19:53:13 PDT 2009,NO_QUERY,allxclubglobal,Awesome group  http://bit.ly/s7D91 Repost this tweet for me Please!!!,,,,,,
0,2249264549,Fri Jun 19 22:00:48 PDT 2009,NO_QUERY,hizzyv,yo ma bff iis too fukn funny when she drunk... lol home early.. sad he'z gotta work niights.. ,,,,,,
0,1793932673,Thu May 14 04:27:29 PDT 2009,NO_QUERY,le_aimee,no one will hire me ,,,,,,
0,1933159357,Tue May 26 23:09:04 PDT 2009,NO_QUERY,KTkitten712,Was @ work for entirely too long. Home now and about to go to sleep. Tomorrow I repeat  Sleeeeeeep ti- ...... ZzzzzZzZzzzZzzzz,,,,,,
0,2013587180,Tue Jun 02 23:02:45 PDT 2009,NO_QUERY,DiamondFarah,cant fucking sleeeeeeeeeeeeeeeeeeeeeeeeeeeeeeeeep ,,,,,,
0,2303333990,Tue Jun 23 18:02:49 PDT 2009,NO_QUERY,ericwmiller,"@BurghRealtor I called animal control, but when they came, the dog was gone. The fish were still there. ",,,,,,
0,2226080153,Thu Jun 18 11:30:27 PDT 2009,NO_QUERY,jerrybruno,"@repcor I signed up and wanted to do #IMU but hate real player, plus you have to pay for it eventually. I couldn't even download it ",,,,,,
0,1990361085,Mon Jun 01 04:39:26 PDT 2009,NO_QUERY,mizz_ladii_b,"Good Morning twits !â¦ off to work,cabbin it this morning,couldn't get outta bed. Today will be a crazy day @ work for me ",,,,,,
0,1469440631,Tue Apr 07 06:23:25 PDT 2009,NO_QUERY,ronaldmason,It's snowing again in Montreal ,,,,,,
4,2056593160,Sat Jun 06 11:25:47 PDT 2009,NO_QUERY,byKel,@sarahssnow ohhh thanks! ,,,,,,
4,1684765294,Sat May 02 21:59:03 PDT 2009,NO_QUERY,leabella,Joe Penny Ebay Auction for Wounded Warrior Project begins today ~~~ Good Luck and also Watch him on Cold Case again Tonight ,,,,,,
0,2052969239,Sat Jun 06 02:44:57 PDT 2009,NO_QUERY,thomasroe24,well since cricket is off i might aswell do some work ,,,,,,
4,2180376313,Mon Jun 15 10:23:12 PDT 2009,NO_QUERY,ashfarley,yay. i found the super mega cutie from icarly's iDate a bad boy.. and from Hannahmontana on the new jake ryan episode. Drew Roy. ,,,,,,
0,1793045726,Thu May 14 01:10:01 PDT 2009,NO_QUERY,da_philler,"few overslept so i guess that means no dynamic web (class starts in 30 mins and its 1h drive) too bad, really didn't wanna miss it ",,,,,,
0,2286388005,Mon Jun 22 16:22:44 PDT 2009,NO_QUERY,16_MileyCyrus,@Sargent_layne I would but it wont let me on my phone! ,,,,,,
4,1977704254,Sat May 30 21:31:27 PDT 2009,NO_QUERY,bethanynicole,@JLinzG24 wake up wifey. ,,,,,,
0,2193880696,Tue Jun 16 09:03:12 PDT 2009,NO_QUERY,sev215,@Phee78 wish there was something i could say to make u feel better ,,,,,,
4,2175966001,Mon Jun 15 02:31:15 PDT 2009,NO_QUERY,Zadi,@DannyTRS - It was great ghost hunting w/ you guys too! Next get-together must be less ghostly... that way we're not all distracted. ,,,,,,
0,2299158575,Tue Jun 23 12:34:29 PDT 2009,NO_QUERY,Megg_Megg,I little bored todayy ... Why cant summer come faster .. 3 more weeks at school Thats it ....,,,,,,
0,2236238722,Fri Jun 19 03:11:35 PDT 2009,NO_QUERY,kynieee,"been away from skewl 4 a week i bet no one has noticed, sick of being a nobody. ",,,,,,
0,1968070885,Fri May 29 20:42:22 PDT 2009,NO_QUERY,tulikaHEYY,dead dead hair ,,,,,,
4,1973054733,Sat May 30 10:23:37 PDT 2009,NO_QUERY,CamiiJonas,"I lOvE PaRaNoiD!! I lOvE Fly WiTh Me!! I lOvE liNeS, ViNeS aNd TrYiNg Times!! I lOvE jOnAs BrOtHeRs!!",,,,,,
4,2186483516,Mon Jun 15 18:54:21 PDT 2009,NO_QUERY,amber_guesa,Add my tweet! twitter.com/amber_guesa,,,,,,
4,1881752209,Fri May 22 05:28:33 PDT 2009,NO_QUERY,BellainRosa,TGIF!! Happy Friday and Happy Labor Day wknd. Be safe. ,,,,,,
0,1833912085,Mon May 18 00:54:53 PDT 2009,NO_QUERY,therealpickler,awwh man...I got the dang hiccups AGAIN! ,,,,,,
4,2055026553,Sat Jun 06 08:33:24 PDT 2009,NO_QUERY,Iamhollyywood,@ParisMorton Whooooooooooooooooooo hoooooooooooooooooooo La iis effiiN awesome icant waiit tiill ii go ,,,,,,
4,1989506668,Mon Jun 01 01:47:59 PDT 2009,NO_QUERY,denisereg,"@katwhite_ Sounds great Kat, doubt if I can make the opening but will get down to see it. (Melb is four hours from here). Gallery name? ",,,,,,
4,2049245162,Fri Jun 05 16:32:48 PDT 2009,NO_QUERY,kelzone,"dear pacific day, won't you take me away? last weekend before summer vacation ",,,,,,
0,2284142984,Mon Jun 22 13:31:02 PDT 2009,NO_QUERY,MyAppleStuff,@redrawsounds ouch didn't think it was that bad ,,,,,,
4,1973878760,Sat May 30 12:00:39 PDT 2009,NO_QUERY,TahnBahn,"Resting at home today, then Zone 45 ",,,,,,
4,2187992106,Mon Jun 15 21:07:28 PDT 2009,NO_QUERY,jessqtpie,@mrskeith7 http://twitpic.com/7iqwi - ugh so lucky!! Tell shan to bring me back one in her purse jk ,,,,,,
0,2052745338,Sat Jun 06 01:51:34 PDT 2009,NO_QUERY,weshigh,http://tinyurl.com/pta8wk Taco Zone Arson. My heart weighs heavy tonight. ,,,,,,
0,1834133718,Mon May 18 01:45:30 PDT 2009,NO_QUERY,rosebiggin,"@bobbyllew I have a three hour exam on shakespeare tomorrow who doesn't hate this time of the year, if you don't have exams your kids do!",,,,,,
4,1962515989,Fri May 29 11:09:56 PDT 2009,NO_QUERY,huffnheather,Enjoyed lunch at Olive Garden!! Headed to try to accoplish my ever growing to do list!! ,,,,,,
0,1792131523,Wed May 13 22:12:52 PDT 2009,NO_QUERY,sweetnhonest,I can't find the roses anymore. That is messed up ,,,,,,
0,2183964061,Mon Jun 15 15:13:37 PDT 2009,NO_QUERY,maelorraine,oh no!! dominick's fish died ~mae~,,,,,,
0,2061080362,Sat Jun 06 20:08:23 PDT 2009,NO_QUERY,MiriamCheah,Sorry for not waiting @valjimenez and @mialuna1 i can't keep my eyes open anymore haha its 4.15am already tweet you tomorrow! Xxx,,,,,,
0,2066986650,Sun Jun 07 11:32:23 PDT 2009,NO_QUERY,jaykay35,About to get some much needed rest b4 my pooh comes back home to me...I miss her ,,,,,,
4,1932511312,Tue May 26 21:37:01 PDT 2009,NO_QUERY,jessesiphone,@Bubbles86 fun.. sometimes neighbor fights are better than tv ,,,,,,
0,1833616769,Sun May 17 23:52:26 PDT 2009,NO_QUERY,ifenn,@dszuc @martinpolley The increased popularity of the mac does mean that the risk of viruses/spyware has increased... ,,,,,,
0,1990542778,Mon Jun 01 05:08:33 PDT 2009,NO_QUERY,ajlanghorn,@jonnyyiasoumis We're screwed for Politics... we really are ,,,,,,
0,2258744718,Sat Jun 20 16:25:39 PDT 2009,NO_QUERY,toddschreiner,Still rockin it out at The Alive Festival. Last day... I think Elijah is into the music. http://twitpic.com/7ya37,,,,,,
0,2221770770,Thu Jun 18 05:58:41 PDT 2009,NO_QUERY,janaebreanna,@StephenDoll hey mister. long time no see. i miss you and the other boys. ,,,,,,
0,1956706759,Thu May 28 22:29:26 PDT 2009,NO_QUERY,sarahseattle,i think its time to go sleep the dayy off...my lips hurt really bad from sunflower seeds ,,,,,,
4,2065905301,Sun Jun 07 09:31:11 PDT 2009,NO_QUERY,tweeteradder4,@dollarbillwill Get 100 followers a day using www.tweeteradder.com Once you add everyone you are on the train or pay vip ,,,,,,
4,1933044659,Tue May 26 22:51:13 PDT 2009,NO_QUERY,imsoapee,Family bathroom at the theater has a toilet and a minitoilet. ï¿½ber cuteness. &amp,matching sink with minisink. http://twitpic.com/61g7t,,,,,
0,2056437026,Sat Jun 06 11:08:32 PDT 2009,NO_QUERY,diederikdierick,@sayheycyrus *jealous* she's my favourite star ,,,,,,
4,1574047684,Tue Apr 21 04:02:01 PDT 2009,NO_QUERY,jessicastrust,@annamacmartin Hi and welcome to twitter ,,,,,,
0,2322993132,Wed Jun 24 23:41:27 PDT 2009,NO_QUERY,lili_marie,@victorQUEST but unfortunately I was unable to see Quest. ,,,,,,
4,1980605520,Sun May 31 07:12:00 PDT 2009,NO_QUERY,PaulEnding,Leaving for our show soon,it's gonna be bitchin ,,,,,
4,1834688490,Mon May 18 03:52:12 PDT 2009,NO_QUERY,ashalynd,"@somesheep no, that is my suggestion ",,,,,,
0,2191014718,Tue Jun 16 04:18:53 PDT 2009,NO_QUERY,hell_en26,looks like I will be going to work tomorrow - I didnt win the 40 million ,,,,,,
0,1982709328,Sun May 31 11:44:53 PDT 2009,NO_QUERY,alickshiu,Watching pokemon and hungry ,,,,,,
4,1551908618,Sat Apr 18 10:17:11 PDT 2009,NO_QUERY,mrjaredjames,&quot,A watched pot never boils.&quot,Does anyone else see the significance of that phrase? We must trust and let go. Very important. PEACE ,,,,
0,2198653190,Tue Jun 16 16:22:46 PDT 2009,NO_QUERY,anniekfox,"Ugh, today. ",,,,,,
4,2052745602,Sat Jun 06 01:51:39 PDT 2009,NO_QUERY,toosweet4rnr,[Altered Images â Happy Birthday] thank you @curatEar! &quot,@toosweet4rnr..felicidades&quot,â« http://blip.fm/~7qdw4,,,,
0,1827428125,Sun May 17 10:41:22 PDT 2009,NO_QUERY,TyStyk,@KuddleBug I wish I was going with ,,,,,,
0,2249332428,Fri Jun 19 22:08:07 PDT 2009,NO_QUERY,univofmiss,Sad that I can only tweet to my friend Twitter... ,,,,,,
0,2256044768,Sat Jun 20 12:10:39 PDT 2009,NO_QUERY,guerra6726,i'm trying this white teeth strips and omg it made my teeth so sensitive and i cant talkkkk or they'll fall out ,,,,,,
4,1833801048,Mon May 18 00:30:27 PDT 2009,NO_QUERY,jakeashley,@mynameislloyd awh dude! the best is yet to come ,,,,,,
4,2176313942,Mon Jun 15 03:31:47 PDT 2009,NO_QUERY,niciscotine,@abcastil Laaaaaave it! Haha. Srsly. Sure didn't miss any. :&gt,,,,,,
0,2295374705,Tue Jun 23 07:50:45 PDT 2009,NO_QUERY,aybuuue,"aybuuueTomorrow, 11pm: driving to Berlin; Thursday, 4am: flying over to Turkey...exiteeeeeed although I'm sad 'cause I'll miss The Chicks ",,,,,,
4,1993623238,Mon Jun 01 10:40:27 PDT 2009,NO_QUERY,ffluxx,Trouble Funk - Pump Me Up ---- dinner time 4 me .... Thank you everybody! see u in a blip! â« http://blip.fm/~7ftd2,,,,,,
0,2049467695,Fri Jun 05 16:56:00 PDT 2009,NO_QUERY,Sociologian,"@wordnerdy Aw, but you're there! And I miss my old yard http://twitpic.com/6pgkp",,,,,,
4,1970691424,Sat May 30 04:51:49 PDT 2009,NO_QUERY,SophiaS_,I watched Sonny with a chance and Camp Rock ,,,,,,
0,1573013271,Mon Apr 20 23:22:49 PDT 2009,NO_QUERY,Kayleigh888,Omg I Have A Cooking Exam 2morrow ,,,,,,
0,2288723197,Mon Jun 22 19:32:00 PDT 2009,NO_QUERY,LydiaaEliz,I missed Secret Life ,,,,,,
4,1881385391,Fri May 22 04:30:33 PDT 2009,NO_QUERY,nadhirarchangel,"@archuletacrush yes I already approve you ,thank you btw d'you have any david cook twitter account?",,,,,,
4,1933201896,Tue May 26 23:15:46 PDT 2009,NO_QUERY,daylight_dancer,@boku90 check my blogspot! you'll find a surprise ,,,,,,
4,2011056460,Tue Jun 02 18:24:30 PDT 2009,NO_QUERY,l0velylilyy,with @araxshah . partyin' ! ,,,,,,
0,2195039348,Tue Jun 16 10:35:47 PDT 2009,NO_QUERY,annief1,"@bellavventura Oh yes they are totally right on that one.....they are not all that good, are veg tastes nothing like it does in Italy ",,,,,,
0,2227103638,Thu Jun 18 12:46:51 PDT 2009,NO_QUERY,xengab,"reminder that when writing, it helps to remember to add to your online updates everyday. Mine are at home, no writing at lunch ",,,,,,
4,2175360258,Mon Jun 15 00:46:16 PDT 2009,NO_QUERY,Cilicia_Teal,@deejayduane thanks my dear!! N happy birthday to uuuuuu by the way see ya friday,,,,,,
4,1996554699,Mon Jun 01 15:16:54 PDT 2009,NO_QUERY,Livegen,"#EA on #E3 : Pchhhh Luke pccchhhh, I'm your dad... pchhhh. Ok, it's Star Wars Old Republic now with online mode. Come to the dark side ",,,,,,
0,2186001545,Mon Jun 15 18:12:53 PDT 2009,NO_QUERY,ayaueda,It is raining outside... I hate when it rains...! ,,,,,,
0,2060894987,Sat Jun 06 19:47:12 PDT 2009,NO_QUERY,IAMTROPHY,lol @HauteFuss cant now I aint home. when i am home you no on ,,,,,,
4,1978197368,Sat May 30 22:41:17 PDT 2009,NO_QUERY,Fly11,"@AnointedPromise lol, i hear ya! Gotta purchase mine tomorrow, jus lemme know mama ",,,,,,
0,1968448677,Fri May 29 21:27:36 PDT 2009,NO_QUERY,erinstanley,doesn't feel too well! ,,,,,,
0,2181049290,Mon Jun 15 11:17:51 PDT 2009,NO_QUERY,Ruigebart,@eingrad And missed it again... but thanks for the extra code...,,,,,,
0,2263965986,Sun Jun 21 02:21:09 PDT 2009,NO_QUERY,richardgomer,New firefox add-ons site is ugly ,,,,,,
4,1986667221,Sun May 31 19:09:18 PDT 2009,NO_QUERY,KatlynMichaels,I cry when Miley wins awards! I hope God gives me the chance to meet her ,,,,,,
0,2053862253,Sat Jun 06 05:55:30 PDT 2009,NO_QUERY,basvodde,@YvesHanoulle Is what easy? Missed what you responded to ,,,,,,
0,2258869474,Sat Jun 20 16:37:57 PDT 2009,NO_QUERY,Sha_Ron,@nailah LOL. Rarely hear from you and when I do? A threat! LOL.,,,,,,
0,2205758044,Wed Jun 17 05:23:11 PDT 2009,NO_QUERY,MandinaM,@ben_simpson working best get back to it actually... will text x x enjoy your afternoon lovely x x,,,,,,
0,2327109581,Thu Jun 25 07:55:55 PDT 2009,NO_QUERY,Sophie_Texeira,i am not that was my sister keana that said i was wearing a thong i swair ,,,,,,
4,2174378708,Sun Jun 14 22:25:46 PDT 2009,NO_QUERY,drsigne,@maxenterprises Wish your son a 4-week-old Happy Birthday/Anniversary for me. How soon were you planning on getting some more sleep? ,,,,,,
0,2298213205,Tue Jun 23 11:23:50 PDT 2009,NO_QUERY,jesserz,"Ugh after drinking soy milk for so long, regular milk tastes like cheesey water I am going to regret thisss!",,,,,,
0,2324262479,Thu Jun 25 02:42:44 PDT 2009,NO_QUERY,x_Charlotteee,@amanda_mcpanda haha but it is! Wakefield haf a nice cup of tea ,) i miss you ,,,,,
4,1962781438,Fri May 29 11:39:13 PDT 2009,NO_QUERY,pixiexlee,s dancing round the kitchen in an attempt to be part of paramore hah ,,,,,,
4,1989514757,Mon Jun 01 01:49:53 PDT 2009,NO_QUERY,Jackzy,Sooo twofaced ,,,,,,
0,1693020792,Sun May 03 21:21:24 PDT 2009,NO_QUERY,Geekwife,@RaiscaraAvalon Really?!?!? No one I know ever knows what I'm talking about! I wish it was on Netflix instant. ,,,,,,
0,2070808966,Sun Jun 07 18:20:00 PDT 2009,NO_QUERY,marriemartins,@xxxxposerxxxx eeeew! i don't like.,,,,,,
0,2217075933,Wed Jun 17 20:21:30 PDT 2009,NO_QUERY,aplusw,@KatyTullos mine went away...im sorry yours hasnt. i hope it will soon.. ,,,,,,
4,1970605466,Sat May 30 04:32:04 PDT 2009,NO_QUERY,xxjannahxx,Can't believe I just uploaded 11 pictures at one go...... Crazzyy is me ,,,,,,
0,1964092130,Fri May 29 13:42:43 PDT 2009,NO_QUERY,mellisalamay,@Molltini ok. lol. i miss you too. i hope your cramps get better. i know how painful they can be. ,,,,,,
4,1824203269,Sun May 17 00:25:36 PDT 2009,NO_QUERY,_MaryKate,Sooo I slightly flooded the bathroom when I took a shower - it's 8:22am &amp,I've already had breakfast and am on the bus to Kilarney ,,,,,
0,1970071358,Sat May 30 02:20:08 PDT 2009,NO_QUERY,m1k3z0r2,I don't want to go home.. ,,,,,,
0,2001173010,Tue Jun 02 00:03:26 PDT 2009,NO_QUERY,stphnie,@hicourtney im super sad we couldnt stay longer Swimming soon!,,,,,,
0,2204567401,Wed Jun 17 02:33:20 PDT 2009,NO_QUERY,swingking,car insurance bill came in the post today so I have to hold off upgrading my computer for a while ,,,,,,
4,1999765028,Mon Jun 01 20:46:56 PDT 2009,NO_QUERY,XxAshley28xX,@DoRayMeFa if you insist! BIG SMILE!,,,,,,
4,1932496171,Tue May 26 21:35:08 PDT 2009,NO_QUERY,pow2112,@Deb_Fosten You are more than welcome. Please tell me how you like it? I think it is cool that you can do the co-op bit. ,,,,,,
4,1955927265,Thu May 28 20:52:11 PDT 2009,NO_QUERY,PassionAndSoul,"Did I mention I'm going to Mexico? OMG, I'm going to Mexico! Aug 4-11, teaching classes in Mexico City Aug 7, 8, and 9 ",,,,,,
0,1694597057,Mon May 04 03:20:24 PDT 2009,NO_QUERY,mazarin_,Last day in Alkmaar Soon going back to the 'real life' Blargh.,,,,,,
0,2216982699,Wed Jun 17 20:13:53 PDT 2009,NO_QUERY,thebl4ckd0g,sleep would probably occur if a neighbor didn't play bass music every night till midnight. ,,,,,,
4,1979568036,Sun May 31 03:36:23 PDT 2009,NO_QUERY,mozzzzy,Watching elmo in grouchland How old is elmo? does he have parents? So many questions haha,,,,,,
4,1556722010,Sun Apr 19 00:02:15 PDT 2009,NO_QUERY,Bbexlibris,@myfriendamy get some good rest #readathon,,,,,,
0,1678311478,Sat May 02 06:17:12 PDT 2009,NO_QUERY,powersfaimly,good morning to all its going to be another rainy day here on the east coast Is anyone else sick of the rain?,,,,,,
0,2220880857,Thu Jun 18 04:11:56 PDT 2009,NO_QUERY,Casta_Rasa,any other HOME'ys having connection issues????? D5027 ,,,,,,
0,2204079278,Wed Jun 17 01:16:08 PDT 2009,NO_QUERY,Rangersnumber6,@ddlovato Notorious was SUCH a good movie! I miss Biggie... I wish he was still here to spit the raps like he used to... ,,,,,,
4,1881059999,Fri May 22 03:27:50 PDT 2009,NO_QUERY,ccloh,flip flop week market roller coaster - STRESS. Hit milestone in career,feel satisfaction,same as old goodies engineering days ,,,,
4,1573928064,Tue Apr 21 03:30:50 PDT 2009,NO_QUERY,Lurquer,thanks to @LadyParadis @IamErnst @jnyobe48 @JMADaily @CarlosPoulet @byzonesupport for recent follows! ,,,,,,
0,2296165526,Tue Jun 23 08:50:50 PDT 2009,NO_QUERY,patriciadevonne,@carolinax3jb preciso falar com vocÃª! i miss you ,,,,,,
0,2055102232,Sat Jun 06 08:42:06 PDT 2009,NO_QUERY,lilsmith2050,im so lookin forward to summer especially because of the weather we've got in wales jus wish i live in cyprus like i did b4 xXx,,,,,,
0,2177658629,Mon Jun 15 06:29:15 PDT 2009,NO_QUERY,Kirstywaldron,@AlexAllTimeLow pleasepleaseplease dont come to ireland from the 10th-24th of september! ,,,,,,
4,1558707723,Sun Apr 19 09:10:24 PDT 2009,NO_QUERY,halfasiangirl,excited that my friend @luvmax is on twitter now!!! ,,,,,,
4,2051121814,Fri Jun 05 19:54:11 PDT 2009,NO_QUERY,mag_tweets,@tachyonpython I loooove them ,,,,,,
4,1824352369,Sun May 17 01:01:04 PDT 2009,NO_QUERY,OUBad,@HarleyRodrigue just saw an infomercial for Barry's and thought of you. ,,,,,,
0,2243510933,Fri Jun 19 13:32:31 PDT 2009,NO_QUERY,haaay_elisa,crazy work! someone ate or threw away my cheesecake. no one is fessing up to it. it was so good too ,,,,,,
4,1974871401,Sat May 30 13:59:32 PDT 2009,NO_QUERY,Anne_A4L,"@nesquicus YES! indeed it was! WOOOT! SuBo was VERY gracious btw, 3 cheers for her too! ",,,,,,
4,2063306718,Sun Jun 07 02:08:09 PDT 2009,NO_QUERY,hazelalatralala,getting better so far. not that emo. ,),,,,,
4,1677735567,Sat May 02 03:42:03 PDT 2009,NO_QUERY,Genzer,@abigailrieley I haven't come across that before either. You must be somewhere nice ,,,,,,
0,1971867887,Sat May 30 08:04:16 PDT 2009,NO_QUERY,brigwyn,grr.. what's with all the leech spam at the Lodge.. ,,,,,,
4,2051721395,Fri Jun 05 22:38:44 PDT 2009,NO_QUERY,jennaphillips,At The Arclight with my homies Josh &amp,Justin from MCS. We're gonna watch Drag Me To Hell. Good. Clean. Fun. I heart movies!!!,,,,,
4,1559643693,Sun Apr 19 11:40:45 PDT 2009,NO_QUERY,kellylipprand,Finally saw the movie Knowing - it was great ,,,,,,
4,2049363016,Fri Jun 05 16:45:00 PDT 2009,NO_QUERY,HeLetMeRideIt93,So it's the last day of school and i now have no plans wow i'm a loser hah (via @Hatz94) hahaha we've been out for 2 weeks,,,,,,
4,2178983933,Mon Jun 15 08:28:59 PDT 2009,NO_QUERY,SarahPatterson7,@Simply_Positive Not all men are annoying. Some are dead ,,,,,,
4,1834053379,Mon May 18 01:27:01 PDT 2009,NO_QUERY,sofiesunshine,"@amyjcollins the credits after the concert, click select on the super records logo!! xx",,,,,,
0,1976415833,Sat May 30 17:16:48 PDT 2009,NO_QUERY,FVAD_dancer,Grandma you came to my house to fast and that is why I was not finished ,,,,,,
4,1551491279,Sat Apr 18 09:11:51 PDT 2009,NO_QUERY,crisr,"@toysrevil lol no, he doesn't have enough info on his page for me to ID him, but i know &quot;when&quot; he's from, if not who he is. ",,,,,,
4,1553143699,Sat Apr 18 13:29:17 PDT 2009,NO_QUERY,MichDdot,#wkendthx @playbigstocks @SallyLeeCandles @Twitt_usback @aquicknote @terez07 @Mondayisntfunny @ed_eusebio @danlopez2012 ,,,,,,
4,2189723873,Tue Jun 16 00:44:39 PDT 2009,NO_QUERY,GlennW,@BedlamB yeah it made me feel alive ,,,,,,
4,2018219121,Wed Jun 03 09:37:27 PDT 2009,NO_QUERY,xCyrusAddiction,@MandyyJirouxx hehe ,,,,,,
0,2283285819,Mon Jun 22 12:26:10 PDT 2009,NO_QUERY,Ragnazidnar,"@lcscottage Lucky you. All my Rhubard died when hubby moved it. It was huge too, now I get none. Was looking forward to pie",,,,,,
0,2262800894,Sat Jun 20 23:15:46 PDT 2009,NO_QUERY,totfootballfans,HUAAA teves leaves MU ,,,,,,
0,1972749601,Sat May 30 09:48:55 PDT 2009,NO_QUERY,dcshu,@lisalou123 idk when that will be I'm cut off from the world the next month.,,,,,,
4,1960525518,Fri May 29 08:05:59 PDT 2009,NO_QUERY,timsmalley,feel well and truly stuffed after Shabu Shabu in Danshui... dragon boat festival celebrations were pretty interesting ,,,,,,
0,2286206720,Mon Jun 22 16:08:10 PDT 2009,NO_QUERY,KerryCATTELL,"Ah, back in my nice big bed but still all alone ",,,,,,
4,1882793654,Fri May 22 07:29:48 PDT 2009,NO_QUERY,NatE009,gettin crunk in k-town!! ,,,,,,
4,2189644394,Tue Jun 16 00:32:11 PDT 2009,NO_QUERY,hioushiouri,@JasmineAtAnimax : konnichiWa! im very glad that you guys released Kyou Kara Maoh Season 2! now i can continue! thankS Jasmine-saN! ,,,,,,
0,1827098861,Sun May 17 09:59:36 PDT 2009,NO_QUERY,Emileh,@SCSW yes there is! I wish I had straight hair I just KILL my hair with straighteners daily (N),,,,,,
0,1556337999,Sat Apr 18 22:27:33 PDT 2009,NO_QUERY,webmaster_paul,"Grr, I don't think my phone can handle Twitter. Its an old Samsung flip phone, standard txt msg, no internet, dino-tech. lol",,,,,,
4,1993410670,Mon Jun 01 10:19:59 PDT 2009,NO_QUERY,chinang,Sovi at 1:18 in the morning http://twitpic.com/6esqs,,,,,,
0,1685866281,Sun May 03 02:30:01 PDT 2009,NO_QUERY,twiglet57,Ooooh looks like the sun is coming out again! New bird feeding station still unvisted though ,,,,,,
0,2208581474,Wed Jun 17 09:22:34 PDT 2009,NO_QUERY,theacademyisnt,"@DeadxLexi don't play with my emotions, trick ",,,,,,
4,2176618111,Mon Jun 15 04:20:25 PDT 2009,NO_QUERY,daveoli,"@gnarlykitty That was re: nambu issue, not of course swine flu issue ",,,,,,
0,2214828299,Wed Jun 17 17:17:22 PDT 2009,NO_QUERY,lavu08,@princetim so how you been babes? dont tell me you completely abandoned the zune for the ipod ,,,,,,
4,2054736692,Sat Jun 06 07:59:12 PDT 2009,NO_QUERY,MollyJ87,"how are you gonna follow someone, and they second they follow you back DELETE THEM?! uhm NO good bye! ",,,,,,
0,2208672035,Wed Jun 17 09:29:15 PDT 2009,NO_QUERY,alancfrancis,@relativesanity potentially a dealbreaker for me right now ,,,,,,
4,2065346724,Sun Jun 07 08:24:27 PDT 2009,NO_QUERY,hyperbets,@karlinconnell I find the Golden Girls comforting. you aren't alone.,,,,,,
0,2215074142,Wed Jun 17 17:38:17 PDT 2009,NO_QUERY,melodyhill23,Today was the first day I've gone without talking to my sisters ,,,,,,
0,1956746321,Thu May 28 22:35:10 PDT 2009,NO_QUERY,Sloaneyyy,I can't sleep because I'm having a coughing attack every 30 seconds ,,,,,,
4,1958135456,Fri May 29 02:46:55 PDT 2009,NO_QUERY,sinead33,I just got my @jonasbrothers tickets in the mail today!! im soo excited to be in the front row!! ,,,,,,
0,2186543257,Mon Jun 15 18:59:30 PDT 2009,NO_QUERY,whatsupClarissa,"snuggled up in the basement watching a movie, i need a cuddle buddy ",,,,,,
0,2183276531,Mon Jun 15 14:17:05 PDT 2009,NO_QUERY,publickstews,is really depressed and worried I won't be able to squat/deadlift for a long time ,,,,,,
4,1557821959,Sun Apr 19 06:09:25 PDT 2009,NO_QUERY,rjamestaylor,@EdLeafe nothing trite about willing to die for my Mac ,,,,,,
0,1555899026,Sat Apr 18 21:01:10 PDT 2009,NO_QUERY,JeanneXay,i?C.B+T.H|| Watched http://tinyurl.com/cfhr42 Made me cry a bit. Im worried ,,,,,,
4,2033319130,Thu Jun 04 12:32:08 PDT 2009,NO_QUERY,rain_holly,"@rachelbarry yep, i got the full keyboard. @mkc2317 i think darren has teleporting abilites. ",,,,,,
4,2044337215,Fri Jun 05 09:12:37 PDT 2009,NO_QUERY,noodley,@TerryBorder the infrequency makes it all the more exciting... ,,,,,,
4,1983416405,Sun May 31 13:06:51 PDT 2009,NO_QUERY,flowersbyfarha,"@DaveMalby Ok Having a better day, I hope.",,,,,,
0,2217928338,Wed Jun 17 21:36:20 PDT 2009,NO_QUERY,sweetpjsnap,Someone do my nails for me please! ,,,,,,
0,2055668228,Sat Jun 06 09:44:22 PDT 2009,NO_QUERY,cajj68,Disappointed with the TT today. Ruined by a hurricane headwind ,,,,,,
4,2001664301,Tue Jun 02 01:38:47 PDT 2009,NO_QUERY,BlackJackBaby,"@vampirefreak101 Yeah, I really hope so too... off to work for me... tweet you later, hun... BIG hugs! x x x",,,,,,
4,1836398050,Mon May 18 07:55:34 PDT 2009,NO_QUERY,BookLoveHer,"@thisisArso oh, fer sure...DM me your number again! You talking my language!!!!",,,,,,
0,2231214705,Thu Jun 18 18:12:03 PDT 2009,NO_QUERY,kristin_ryan,@rebeccaquote i just want to be with you in canada homeland of many genius actors. what is the problem ,,,,,,
4,2064908801,Sun Jun 07 07:27:37 PDT 2009,NO_QUERY,Julia_Heart,@SparksTheAlex yesterday was awesome! i stood in the front row and screamed something like 'take your fuckin'' shirt off ' you rock,,,,,,
4,2049107543,Fri Jun 05 16:18:29 PDT 2009,NO_QUERY,Aborky,@shannonbickel Ready if you are ,,,,,,
4,1691981820,Sun May 03 19:01:31 PDT 2009,NO_QUERY,criesinvain,@warped09 don't worry most people LOVE the lineup this year including me. now i need to figure out how i can get my mom to let me go ,,,,,,
0,1969748560,Sat May 30 01:05:02 PDT 2009,NO_QUERY,HaylzJayn,@michaelacholly guess what! im having popcorn chicken and milkshakes for dinner tonight. aww poor mak. you coulda been here too ,,,,,,
0,2047210033,Fri Jun 05 13:18:47 PDT 2009,NO_QUERY,jenna_valentine,@ohsailor i dont work saturdays!!! ,,,,,,
0,2071989504,Sun Jun 07 20:12:48 PDT 2009,NO_QUERY,roblives4love,damn I passed my 800th tweet and didn't kno it BOOOOOOO,,,,,,
0,1828052660,Sun May 17 11:59:42 PDT 2009,NO_QUERY,correltje,"Daddy doesn't want me to fall asleep, so now uncle Hai is in charge of keeping me awake http://yfrog.com/5f4qpjj",,,,,,
0,2065305397,Sun Jun 07 08:19:21 PDT 2009,NO_QUERY,chamiewong,Not good. I want my freedom back. ,,,,,,
4,2053389737,Sat Jun 06 04:22:54 PDT 2009,NO_QUERY,tifosiguy,"Scot's to pull the carpet from under the Kiwi's feet ?? Nah it couldn't happen, could it ?? Of course NOT, the Kiwi's are not ENGLISH ",,,,,,
0,2299502512,Tue Jun 23 12:59:59 PDT 2009,NO_QUERY,MaddyluvzMcFly,Talking to my friend Kyle. He's sad his life has been boring. so has mine though. going away on friday! gonna tweet through my phone tho,,,,,,
0,2217058462,Wed Jun 17 20:20:04 PDT 2009,NO_QUERY,zeeeeee_,is having a headache again... how to work? ,,,,,,
4,2005199316,Tue Jun 02 09:21:09 PDT 2009,NO_QUERY,Nic0pic0,@AnoopDoggDesai that's how I roll anyway ,,,,,,
0,2246796888,Fri Jun 19 18:08:17 PDT 2009,NO_QUERY,melisux_dmadero,no se k paso kon mi tweetdeck.. ,,,,,,
4,1975942435,Sat May 30 16:14:18 PDT 2009,NO_QUERY,JackieBabbii,Just got bac from red lobster and grocery shopping with the fam. Fun fun i no. Bout to go outsidenwt my friends and start dancin lolz ,,,,,,
4,1991170994,Mon Jun 01 06:32:21 PDT 2009,NO_QUERY,louiseorfila,@kymhuynh - thanks for following ,,,,,,
0,1986718637,Sun May 31 19:13:16 PDT 2009,NO_QUERY,prettyangellynn,"Laying in bed at home all alone Not really sleepy, but I know that I have to get up early!!!",,,,,,
0,2052384916,Sat Jun 06 00:33:09 PDT 2009,NO_QUERY,SatsJo,"Bored out of my skull. I can't write anymore! And, I've barely started ",,,,,,
0,2288776013,Mon Jun 22 19:36:12 PDT 2009,NO_QUERY,TheFaaaab4,"@JennetteMcCTeam it was really sad. they're separating but actually today, divorce papers were filed ",,,,,,
0,2322469554,Wed Jun 24 22:40:24 PDT 2009,NO_QUERY,amanda_mcpanda,@x_charlotteee ,,,,,,
4,2043978318,Fri Jun 05 08:41:33 PDT 2009,NO_QUERY,MoxieGarrett,"@EmmaFinlayson ... of course it is. DUH. That's what they call me... &quot;Hey, it's ole GutterMind over there near the gutter.&quot;",,,,,,
0,2255615015,Sat Jun 20 11:31:43 PDT 2009,NO_QUERY,sln25373,Robin Hood was well sad I even had a little cry. X,,,,,,
4,1754850426,Sun May 10 07:34:00 PDT 2009,NO_QUERY,chronnus,@redeuxx ooh now you have a perfect reason to get the kindle dx ,,,,,,
4,1753905153,Sun May 10 04:03:20 PDT 2009,NO_QUERY,sue_jr,going to watch boy in the striped pj's hope i don't cry ,,,,,,
0,1824342017,Sun May 17 00:58:42 PDT 2009,NO_QUERY,zjelaii,I sliced my thumb while cooking lunch... ,,,,,,
0,1824190093,Sun May 17 00:22:35 PDT 2009,NO_QUERY,simplycamille,Dad came in last runner for ages 60&amp,up in triathlon. Come to think of it. He was the last runner Overall. ,,,,,
4,1979091186,Sun May 31 01:36:09 PDT 2009,NO_QUERY,kelsieblake,I JUST SAW A SHOOTING STAR! ,,,,,,
4,2061506594,Sat Jun 06 21:00:49 PDT 2009,NO_QUERY,AmeeraAlZawawy,am updating my facebook.. checking out chris brown n youtube and trying to understand tweeter.. ,,,,,,
0,1833494657,Sun May 17 23:28:07 PDT 2009,NO_QUERY,m,@b The unfortunate drawbacks of a one character user name Hope you had a great vacation!,,,,,,
4,1692297275,Sun May 03 19:41:36 PDT 2009,NO_QUERY,victor_lucas,In an empty theater in Westwood about to see #wolverine. Guess everyone's seen it already? ,,,,,,
0,1968221876,Fri May 29 21:00:09 PDT 2009,NO_QUERY,cristinabeana,"With nothing to do but describe what I ate last, I suddenly realize...I am...TWEETLESS. ",,,,,,
4,1822685070,Sat May 16 20:08:51 PDT 2009,NO_QUERY,littlesoso,watching sudirman cup hhaha so excited ,,,,,,
0,1686424552,Sun May 03 05:22:29 PDT 2009,NO_QUERY,AishaAlsayegh,@PinkElephant73 May 14th- turning 22 and counting ,,,,,,
0,2185860490,Mon Jun 15 18:00:43 PDT 2009,NO_QUERY,AnnaJJB,OMJ! You have GOT to be kidding me!! I was in the same city as the JONAS brothers and I didn't even know!!!! :@ i could've met them...! ,,,,,,
4,2013522659,Tue Jun 02 22:53:08 PDT 2009,NO_QUERY,Qosiimaaaaa,"Hii x3 i still being offline. tomorrow, i will being online for 12 hours! yaay ",,,,,,
4,2064148549,Sun Jun 07 05:23:07 PDT 2009,NO_QUERY,iloveicetea,@helenely mudcakes latte? where did you get that from cause i want and you found me on twitter YAY,,,,,,
4,1822503030,Sat May 16 19:43:36 PDT 2009,NO_QUERY,lizardbreth,Ghiradelli Square for dessert looking for other SF food recs.....,,,,,,
0,2244472766,Fri Jun 19 14:47:30 PDT 2009,NO_QUERY,Karen230683,@leonkay evening mr kay how's things? Twitter ain't the same without ya ,,,,,,
4,1986008542,Sun May 31 18:10:38 PDT 2009,NO_QUERY,elviraAfterall,Got up from my nap feelin' fine ,,,,,,
4,1795133660,Thu May 14 07:13:16 PDT 2009,NO_QUERY,icelandelf,"@Animadi LOST is awesome! Yes, you would want to start at the beginning or you would be &quot;lost&quot; too! Def worth checking out!",,,,,,
0,1677532508,Sat May 02 02:35:09 PDT 2009,NO_QUERY,b3cCab3e,work 2m bed,,,,,,
4,1957299207,Fri May 29 00:05:18 PDT 2009,NO_QUERY,malyssag,@SeanMertan happy almost birthday ,,,,,,
0,2259333174,Sat Jun 20 17:24:18 PDT 2009,NO_QUERY,originalop,Wheres @Arroqantasia i miss ha ,,,,,,
4,1677189840,Sat May 02 00:51:42 PDT 2009,NO_QUERY,diegozer,"@tammix im sorry dude we need to focus on our events first, we'll be back! promised!",,,,,,
0,1792529184,Wed May 13 23:24:43 PDT 2009,NO_QUERY,ditanandita,revolutionary road is good but sad ,,,,,,
0,2200708827,Tue Jun 16 19:15:54 PDT 2009,NO_QUERY,alphador,"@half_jack_doll aww, baby someone lied to you...",,,,,,
0,2248192299,Fri Jun 19 20:14:32 PDT 2009,NO_QUERY,pdlt,Boring...doing nothing!!!!!!!!! ,,,,,,
0,1685975164,Sun May 03 03:04:56 PDT 2009,NO_QUERY,gobullet,i miss jeanine ,,,,,,
4,1880524545,Fri May 22 01:33:08 PDT 2009,NO_QUERY,TheIrishGuy,@teeeeeef I don't stand a chance ,,,,,,
4,1880869060,Fri May 22 02:47:33 PDT 2009,NO_QUERY,maxiemadness,good morning sun that doesn't shine....i'm watching angel episodes and having my 3rd cup of tea sleeping is overrated. ha.,,,,,,
4,2176335605,Mon Jun 15 03:35:30 PDT 2009,NO_QUERY,FletchMcGull,"@carolinechamber Have a great range of t shirts coming out soon, with me on ",,,,,,
0,2067448813,Sun Jun 07 12:21:45 PDT 2009,NO_QUERY,iamsarahhhh,wants that jacket. &amp,also want to go to that thing in july.. my 3 favourite bands? omgg unfair! i want lots of money now please ,,,,,
0,2256623137,Sat Jun 20 13:03:17 PDT 2009,NO_QUERY,wesaysummerrr,@Natashaax awwww how did you knooooow bummed my secrets out,,,,,,
4,1988817099,Sun May 31 23:27:40 PDT 2009,NO_QUERY,Samm_Gonz,@issalovesyou I just want it to be out already ,,,,,,
4,2054813360,Sat Jun 06 08:08:03 PDT 2009,NO_QUERY,SonyaVanSickle,@LL50220 Will do. ,,,,,,
0,2247169934,Fri Jun 19 18:41:39 PDT 2009,NO_QUERY,krystianm15,Hoping for a better day tomorrow! ,,,,,,
0,2217109059,Wed Jun 17 20:24:19 PDT 2009,NO_QUERY,blogie,iPhone OS 3.0 still not available in the Philippine iTunes Store... ,,,,,,
0,2324103617,Thu Jun 25 02:17:42 PDT 2009,NO_QUERY,shloobee,"I'm getting excited about trip to Paris in September. Need to think budget, esp as the Prudence bills will be coming in soon ",,,,,,
4,2057638188,Sat Jun 06 13:22:45 PDT 2009,NO_QUERY,1RedDiamond,@marcilyn411 could be used interchangably but its actually kind of old and not to mention tacky. NEVER use it. thanks. ,,,,,,
4,1881993432,Fri May 22 06:00:49 PDT 2009,NO_QUERY,glotrovato,@skeeter226 Hey I remember that pic lol ,,,,,,
4,1983606343,Sun May 31 13:28:54 PDT 2009,NO_QUERY,NikkiJ73,"@tristasutter Hmmm...to yak...I didn't mean the animal in Mongolia, but yak=yap=chat kinda...it was late and my brain was already asleep! ",,,,,,
4,1986305693,Sun May 31 18:38:44 PDT 2009,NO_QUERY,BrookeAmanda,Bought Winter Passing by TAI on itunes the last Monday. I swear I probably listen to it everyday. :|,,,,,,
4,1978512300,Sat May 30 23:35:22 PDT 2009,NO_QUERY,Nerina_,@QueenSapphyre thank you love my little friend,,,,,,
0,1980082986,Sun May 31 05:37:31 PDT 2009,NO_QUERY,jano270789,@james__buckley i hope youve got your suncream on coz me and @Amanda21crook got very burnt at the beach yesterday x,,,,,,
4,2175922072,Mon Jun 15 02:23:23 PDT 2009,NO_QUERY,hellojad,http://wigflip.com/automotivator/ &lt,-------- awesome ,,,,,
4,1693457051,Sun May 03 22:36:31 PDT 2009,NO_QUERY,fsiler,@charlierichmond all MS products are beta until SP2. Didn't you know? ,,,,,,
4,2013806928,Tue Jun 02 23:37:52 PDT 2009,NO_QUERY,lizamtl,@kboudit WORD! I have arrived! ,,,,,,
0,1883536745,Fri May 22 08:42:28 PDT 2009,NO_QUERY,Devaki_Phatak,@rajasen not liking the new rediff india abroad homepage www.rediff.com maybe it will *grow* on us..can u relay junta ki aawaj to rediff?,,,,,,
4,1825943357,Sun May 17 07:17:17 PDT 2009,NO_QUERY,missourijewel,#3hotwords &quot,I love life&quot,&amp,&quot,follow me please&quot,,
0,2221445856,Thu Jun 18 05:23:54 PDT 2009,NO_QUERY,tshumbie,@kissmygumbo know that feeling ,,,,,,
0,2196146351,Tue Jun 16 12:05:13 PDT 2009,NO_QUERY,LostInTweets,http://twitpic.com/7k7n1 - Elmo's got a new gig. Apparently He's been fired from Sesame Street! ,,,,,,
0,1968737641,Fri May 29 22:05:53 PDT 2009,NO_QUERY,Loribot,@victormoreno Oh man. Totally bummed I forgot about this. ,,,,,,
0,1989061608,Mon Jun 01 00:13:11 PDT 2009,NO_QUERY,jejejejen,"If that Ms. Philien finished discussing earlier, I could have spent even a short time with you OH WELL. I miss you ",,,,,,
0,2245713021,Fri Jun 19 16:31:52 PDT 2009,NO_QUERY,AliaS_ZoN3,"@yamstersg wow, some walk man. I am watching ace ventura all by my lonesome ",,,,,,
0,2296397479,Tue Jun 23 09:08:00 PDT 2009,NO_QUERY,nerdyrockchick,"I kind of want to go to the drive-in for the Transformers midnight showing tonight, but my car has no stereo ",,,,,,
0,1984896270,Sun May 31 16:01:25 PDT 2009,NO_QUERY,jazzyduck,"late to the party, but: NOOOOOOOOOOOOOOOOOOOOOO RAFAAAAAAAAAAAAAAAA!!!!!!!!!! ",,,,,,
4,1880325508,Fri May 22 00:50:47 PDT 2009,NO_QUERY,Laurel0818,"http://twitpic.com/5oieg - Country Pub: Me, Kristi, and Erin ",,,,,,
4,1470100902,Tue Apr 07 08:20:59 PDT 2009,NO_QUERY,imatrix,@Lukasx Asi se prehraly a zacaly throttlovat ,,,,,,
0,1971936863,Sat May 30 08:12:56 PDT 2009,NO_QUERY,Baytenders,@winedinetv Wow - I'm jealous. We need to go buy a ton of lemons today for a big event. Wish it was for pie ,,,,,,
4,1979863151,Sun May 31 04:48:36 PDT 2009,NO_QUERY,MsBrightside611,packing my bag for the spain trip ,,,,,,
4,1998957482,Mon Jun 01 19:24:20 PDT 2009,NO_QUERY,illingsworth,i'm waiting for u to ask me for a link to my beat CD. ,,,,,,
4,1978052634,Sat May 30 22:19:21 PDT 2009,NO_QUERY,denharsh,@sanjaygoel Thanks a lot buddy... I'm glad u like it ,,,,,,
0,1469968541,Tue Apr 07 07:57:37 PDT 2009,NO_QUERY,LaydeeD,@RyanSeacrest Figures how does a Canadian get past the &quot,not available in your area&quot,to see Eminem's posted video??? Any ideas on that??,,,,
4,2014081150,Wed Jun 03 00:24:13 PDT 2009,NO_QUERY,megan_rice,LMAO they knocked Tom Hanks over in his chair with a giant meteor! He went head over teakettle! ,,,,,,
0,2202328851,Tue Jun 16 21:36:42 PDT 2009,NO_QUERY,alvinkwan,dont know.. still figuring it out ,,,,,,
4,1676890421,Fri May 01 23:35:49 PDT 2009,NO_QUERY,Sofia_Debs,Off to bed love my cousin but really don't want to wake up for his communion =/,,,,,,
4,1996336597,Mon Jun 01 14:55:00 PDT 2009,NO_QUERY,ThadCaisse,people are funny. ha ,,,,,,
4,2057711067,Sat Jun 06 13:31:04 PDT 2009,NO_QUERY,cullenbella_,@XEdwardCullensX biting he ,,,,,,
0,2018939165,Wed Jun 03 10:44:53 PDT 2009,NO_QUERY,FashionVict,stressed out ,,,,,,
4,1970132397,Sat May 30 02:35:11 PDT 2009,NO_QUERY,graceefairlamb,@Wossy Your Show Was Fantastic Last Night xxxxxxxxxxxxxxxxx,,,,,,
4,1685053556,Sat May 02 22:54:14 PDT 2009,NO_QUERY,stormwarden,@ceibner Have a safe trip back home. Was great seeing you again on Friday night. Don't be a stranger ok? ,,,,,,
0,2204336326,Wed Jun 17 01:57:08 PDT 2009,NO_QUERY,Punkmunkyuk,@fionajc3 sadly no found it on a free gif site years ago ,,,,,,
0,1994748156,Mon Jun 01 12:23:49 PDT 2009,NO_QUERY,ErstBoyIII,@wekillyou I still need a giant monstre though! ,,,,,,
4,1881229471,Fri May 22 04:01:37 PDT 2009,NO_QUERY,XkieraXnorrisX,another day off then im workin a week and a half with only one day off ..work sucks,,,,,,
4,1983466305,Sun May 31 13:12:36 PDT 2009,NO_QUERY,sydeshow,@DaedalRogue that makes me sad on so many levels but I'm glad I'm not you and going partying instead ,,,,,,
4,2071305171,Sun Jun 07 19:10:40 PDT 2009,NO_QUERY,RedHeadDreams,@stina8753 You're very kind. ,,,,,,
4,1825285425,Sun May 17 05:07:04 PDT 2009,NO_QUERY,Donald_Woods,Headed back to Dallas! 5 days home until Europe! great... I have to start packing for that when I get home!,,,,,,
4,2063635556,Sun Jun 07 03:28:09 PDT 2009,NO_QUERY,tedddy_d,@didsytooo http://twitpic.com/5dua2 - e tova e the pic mislqqq.. hohohoho. znaesh... ,,,,,,
4,2059981897,Sat Jun 06 18:01:38 PDT 2009,NO_QUERY,Shannon538,so i bought a stuffed animal and named him ozzie. that way i can shake him if he lets goals through ,,,,,,
0,2214554830,Wed Jun 17 16:54:37 PDT 2009,NO_QUERY,DammeAnnette,"Good bye Mr. PeÃ±a all Argentina will miss you CagÃ³ fuego el PeÃ±a, todo mal ",,,,,,
4,1978777803,Sun May 31 00:26:05 PDT 2009,NO_QUERY,paul_steele,@lynnbryn haha good mornin ,,,,,,
0,1759390666,Sun May 10 19:06:31 PDT 2009,NO_QUERY,tangledwords,@annieweasley gahh i'm so mad i missed it! i'll have to wait until tomorroww ,,,,,,
4,1971454789,Sat May 30 07:09:07 PDT 2009,NO_QUERY,ronicadesign,Good morning all! Hope everyone is enjoying there Saturday ,,,,,,
0,2059999773,Sat Jun 06 18:03:44 PDT 2009,NO_QUERY,krangofezaccess,@krystalnichole i only know about the foot doctor ,,,,,,
0,1978953475,Sun May 31 01:03:38 PDT 2009,NO_QUERY,TaylorHann,"Ow, I burnt/froze my finger on the toilet spray ",,,,,,
4,2189256004,Mon Jun 15 23:36:23 PDT 2009,NO_QUERY,marshygirl99,hey - my sis went to see the JoBros - and thought it was amazing! ,,,,,,
0,2252381690,Sat Jun 20 06:08:33 PDT 2009,NO_QUERY,joanfarren,Today is not a good day for me. Someone very close to me hurt my feelings. ,,,,,,
4,1967039883,Fri May 29 18:51:50 PDT 2009,NO_QUERY,Mollaaaaay,My new camera is super cute and I have the lamest tan like EVER,,,,,,
4,1989213185,Mon Jun 01 00:44:10 PDT 2009,NO_QUERY,wendeeee,expanding my itunes library ,,,,,,
0,1754116874,Sun May 10 05:02:46 PDT 2009,NO_QUERY,raevynlunatique,@angeladee Or you could be like me... work six days in a row ,,,,,,
0,1991847988,Mon Jun 01 07:46:10 PDT 2009,NO_QUERY,Butterflydiary,@styleit did you get that Gelife mani done at Dashing Diva? Mine started falling off in a few days ,,,,,,
0,2242730180,Fri Jun 19 12:33:27 PDT 2009,NO_QUERY,tgmcrox,goign to go 2 a going away party ,,,,,,
0,2016784786,Wed Jun 03 07:21:20 PDT 2009,NO_QUERY,lleannmichelle,Why is it raining!? ,,,,,,
4,1981144391,Sun May 31 08:31:05 PDT 2009,NO_QUERY,lukevenediger,"Picking up a vida for my girl, who's been so patient while I worked this weekend. I'm so lucky to have such an awesome wife ",,,,,,
4,2060069240,Sat Jun 06 18:11:52 PDT 2009,NO_QUERY,choreochick,@kezbe Hey Kezzie!! We miss u at practice right now! Having a MAD lab session for next performance See you next time (u look cute!),,,,,,
0,2182426013,Mon Jun 15 13:09:13 PDT 2009,NO_QUERY,itsnise,"Craving a steak... and of course, we don't have any... ",,,,,,
4,2056660254,Sat Jun 06 11:33:23 PDT 2009,NO_QUERY,beatriz312,Coffe ice cream is the best ,,,,,,
4,1835181670,Mon May 18 05:21:30 PDT 2009,NO_QUERY,travlR,@krisrock Eric stays at home. I took the wrong login this morning. ,,,,,,
0,1564466746,Mon Apr 20 03:37:41 PDT 2009,NO_QUERY,MrDavidChapman,It's sunny outside I'm stuck at work,,,,,,
4,1691090191,Sun May 03 17:04:15 PDT 2009,NO_QUERY,jessdl23,@ElastaLiz Did u get the text I sent late last night? ,,,,,,
0,2202491544,Tue Jun 16 21:53:20 PDT 2009,NO_QUERY,bethanie,@Irant thank you for sending the Midnight in April download around. it's bloody awesome stuff. so sad there wont be more from them ,,,,,,
0,2244592286,Fri Jun 19 14:57:11 PDT 2009,NO_QUERY,CMRosenthal,is last night at work.. sad ,,,,,,
4,1958094077,Fri May 29 02:38:26 PDT 2009,NO_QUERY,Xiulinggg,"home-sweeet-homeee! driver fetched me home from cousin's house today, saved me from walkkking . hohoho :B",,,,,,
0,2223088482,Thu Jun 18 07:50:09 PDT 2009,NO_QUERY,Tiggiwoo,and a little bored ,,,,,,
4,2015582821,Wed Jun 03 05:02:04 PDT 2009,NO_QUERY,piajimenez,"@iloveIannaHorta Until night, I guess. We'll wait for you ",,,,,,
0,1976582442,Sat May 30 18:30:14 PDT 2009,NO_QUERY,VivaLaCasie,no @ChrisTFT i have not how bout u?,,,,,,
4,2059848772,Sat Jun 06 17:45:34 PDT 2009,NO_QUERY,therecordlife,@shannonbrooke thanks! ,,,,,,
4,1564958737,Mon Apr 20 05:29:03 PDT 2009,NO_QUERY,palomitay,had a *fabulous* weekend &amp,is ready 2 face the week. ,,,,,
0,2061520879,Sat Jun 06 21:02:34 PDT 2009,NO_QUERY,LoLornaMarie,@zeepooter ugh so jealous. No one was around to go to the movies cousins even. I need a buddy. U live too far.,,,,,,
4,2053168743,Sat Jun 06 03:32:38 PDT 2009,NO_QUERY,snedwan,"@lorny_poppins Happy Birthday! You got anything planned? A girl did offer, but I wasn't that bothered, so I declined! ",,,,,,
4,1834192527,Mon May 18 01:59:22 PDT 2009,NO_QUERY,JESSABRAHAMS,Random: My aunt's water broke like an hour ago in England ,,,,,,
4,1881069043,Fri May 22 03:29:47 PDT 2009,NO_QUERY,katiex3jonas,"whoaaa awesome there's no fooood here AGAIN, my gay brother neeeds to stop coming here and just eating it all ! new phone todayy school.",,,,,,
4,2064645829,Sun Jun 07 06:49:19 PDT 2009,NO_QUERY,lolakissesxo,"@ClassicBarbie Auntie Melanie!! I'm ready too, there's just so much that still has to be done, but we're going to have a blast!",,,,,,
4,1971986850,Sat May 30 08:19:20 PDT 2009,NO_QUERY,frickxx,"@brittanytastic I know he's great, well, used to be..",,,,,,
4,1972418988,Sat May 30 09:11:18 PDT 2009,NO_QUERY,melaclaro,Whew! Don't knw why the motor cop didn't pull me over just now. I like 2 think he's a fellow tweep &amp,was bzy tweeting @ just that moment. ,,,,,
4,2066228980,Sun Jun 07 10:07:36 PDT 2009,NO_QUERY,Sherrelle,Bars droski and a boat at canyon lake ,,,,,,
0,2329170385,Thu Jun 25 10:26:00 PDT 2009,NO_QUERY,celhouston855,has a feeling the rest of the day is going to be crappy. ,,,,,,
0,2208356711,Wed Jun 17 09:05:51 PDT 2009,NO_QUERY,mirrelldc,@peterfacinelli Since he is giving away one of his Twilight chairs I will help him... although my bathroom is flooded.. ,,,,,,
0,2053296251,Sat Jun 06 04:02:01 PDT 2009,NO_QUERY,rannisynditha,"I apologize to you, and the problems that occur because of me ",,,,,,
4,2048221336,Fri Jun 05 14:51:13 PDT 2009,NO_QUERY,OSzBAby,Being Tha Fat Ass Tha I AM Eattin,,,,,,
4,1752123489,Sat May 09 21:06:21 PDT 2009,NO_QUERY,sarasmile13,headed into venue. bbl,,,,,,
4,1573855317,Tue Apr 21 03:10:31 PDT 2009,NO_QUERY,brtak,@LBOI welcome ,,,,,,
4,1564563603,Mon Apr 20 04:03:35 PDT 2009,NO_QUERY,dpillie,"@jonswerens No, just clicked send instead of paste! ",,,,,,
0,1992220154,Mon Jun 01 08:23:56 PDT 2009,NO_QUERY,aiadriano,Have to run back and forth between places before work today. Wouldn't need to do that if only I could apparate. ,,,,,,
4,1978833204,Sun May 31 00:37:32 PDT 2009,NO_QUERY,jennaajonas,Yey! Suns still shining ,,,,,,
0,2230464021,Thu Jun 18 17:09:02 PDT 2009,NO_QUERY,JessBennett3,is having such a depressing day ,,,,,,
4,1970361053,Sat May 30 03:33:04 PDT 2009,NO_QUERY,PaulKieffer,After a one hour delay they were able to fix the door and we are underway again. Another hour and 20 minutes to go. I might be on time! ,,,,,,
4,1557150199,Sun Apr 19 02:18:08 PDT 2009,NO_QUERY,sophieholman,kevin ruddy and obama are following me !! haha i fell loved ,,,,,,
4,2055957454,Sat Jun 06 10:15:50 PDT 2009,NO_QUERY,libertygirl3,"@holymully aah, very interesting ",,,,,,
4,2178124407,Mon Jun 15 07:13:49 PDT 2009,NO_QUERY,DDog,@kimidreams Morning you. How's things?,,,,,,
4,1985558387,Sun May 31 17:20:07 PDT 2009,NO_QUERY,SuzeMuse,@foodiePrints what's Grace Ottawa? I was born at the Grace Hospital. That's what I thought you meant at first. ,,,,,,
0,1957340848,Fri May 29 00:12:22 PDT 2009,NO_QUERY,ensly20,"@busays12 dont undrstand malaysian busays.just english,tagalog at waray only ",,,,,,
0,1993945696,Mon Jun 01 11:10:21 PDT 2009,NO_QUERY,IngridElise94,"So sad. The celeberties we look up to, They don't even know that you exicst, and you look up to them, but they are to far away? ohh.. ",,,,,,
0,2049067533,Fri Jun 05 16:14:24 PDT 2009,NO_QUERY,Pownz,Instict 3-0 Canada's End Result at MLG CBus ,,,,,,
4,2049691240,Fri Jun 05 17:19:38 PDT 2009,NO_QUERY,MCapp22,"The gang's all here! Kathy, Jo and Becky D. all made it safely to Chicago. Figuring out where to go for dinner and sightseeing tonight. ",,,,,,
4,1961357507,Fri May 29 09:22:46 PDT 2009,NO_QUERY,sweetserenity28,gets to hang out with my boy today ,,,,,,
4,2178165161,Mon Jun 15 07:17:33 PDT 2009,NO_QUERY,youngcampbell,"i'm going to meet my Director's Guild Family tomorrow, I miss them so much! ",,,,,,
4,1977925129,Sat May 30 22:01:15 PDT 2009,NO_QUERY,ardith_laverne,pretty good weekend so far-- no complaints ,,,,,,
0,2204302307,Wed Jun 17 01:51:39 PDT 2009,NO_QUERY,sketch200,keep your websites as stupid and simple as you can... damn ,,,,,,
0,2067088981,Sun Jun 07 11:43:36 PDT 2009,NO_QUERY,SophiesInsanity,"@GrrrlsOnMDMA I'm not looking forward to school either, really need to do this essay gah xxx",,,,,,
4,1966765952,Fri May 29 18:21:37 PDT 2009,NO_QUERY,6a3meyya,"Solid day at the beach. Water was heeeeella cold but we still had some fun alhamdulilah. Also, Tarek completed some sick jumps today ",,,,,,
0,2286126391,Mon Jun 22 16:01:48 PDT 2009,NO_QUERY,lmiceli,@itsmklol MK they are getting a divorce i just read it on perez !!!! ,,,,,,
4,1973401215,Sat May 30 11:04:36 PDT 2009,NO_QUERY,mo5150,@james_a_michael Didn't intend to. I was gonna share At least I can maybe turn off my computer today then - ADDICTED TO TWITTER,,,,,,
4,1979889064,Sun May 31 04:54:43 PDT 2009,NO_QUERY,AmandaCavanaugh,last day of summer class &amp,last day at the calesses...going to the CT sun's game with dan after class to see josh reff ,,,,,
0,2298204404,Tue Jun 23 11:23:10 PDT 2009,NO_QUERY,Peter5305,@wikirage gonna miss all the boxing and ufc ,,,,,,
4,2051945266,Fri Jun 05 23:13:05 PDT 2009,NO_QUERY,bethiepooo,@raefabulous I wish I was there my dear! have a shot for me! make it a couple! haha ,,,,,,
0,2070942168,Sun Jun 07 18:33:45 PDT 2009,NO_QUERY,iLanolin,@TorrenceG I'm missing the Tonys right now gotta keeep me updated!,,,,,,
4,1680091809,Sat May 02 10:53:02 PDT 2009,NO_QUERY,Sonya,"@TheGimpyGirls Mine too, but it's been more a matter of the dog deciding where she wants to walk and the plants not growing there. ",,,,,,
0,2203243816,Tue Jun 16 23:19:14 PDT 2009,NO_QUERY,karinb_za,"@Grenhilda We're paying for our sins I guess. Urgh, I have so much work to do as well. And my Twitter is lagging. ",,,,,,
4,2188191832,Mon Jun 15 21:27:32 PDT 2009,NO_QUERY,SweetEveAngel,#musicmonday http://bit.ly/3DtIO shaking it for you my twitpeeps fantastic music frm Turkey Enjoy!! Dancing Angel,,,,,,
4,1971528905,Sat May 30 07:19:00 PDT 2009,NO_QUERY,michabella,@Cassius_Designs Glad to hear that ,,,,,,
0,2302668768,Tue Jun 23 17:07:49 PDT 2009,NO_QUERY,Shontelle_Layne,@megspptc hey yooooo! I'm having a blast. Almos over tho u good?,,,,,,
4,2063571536,Sun Jun 07 03:12:08 PDT 2009,NO_QUERY,jamiemoore,goes to double the mileage on his car ,,,,,,
4,1971270073,Sat May 30 06:40:58 PDT 2009,NO_QUERY,natalieolofsson,"- Just came home from the city, and I have some clothes with me. ",,,,,,
0,2182805711,Mon Jun 15 13:39:36 PDT 2009,NO_QUERY,ChazHamX,@mugluf Um i duno wen the premier is and i think i have plans... sorry x,,,,,,
4,1679314096,Sat May 02 09:03:20 PDT 2009,NO_QUERY,BradAusrotas,"@AmandaRumm Ah, Sammie started spamming periods, the perfect out. Right, back to reading ",,,,,,
4,1880504642,Fri May 22 01:28:52 PDT 2009,NO_QUERY,melissagraf,@ACiccone Not yet! But looking. ,,,,,,
4,2002396467,Tue Jun 02 04:05:22 PDT 2009,NO_QUERY,Nic0pic0,@DaisyKary Hey there ,,,,,,
0,1759532603,Sun May 10 19:25:20 PDT 2009,NO_QUERY,selenieee,Ewww...crappy weather ,,,,,,
4,1822759256,Sat May 16 20:19:14 PDT 2009,NO_QUERY,TheMelba,Screw reality! Im going out!!! ~Melba~,,,,,,
0,2216553250,Wed Jun 17 19:38:19 PDT 2009,NO_QUERY,bigblu44,ghost hunters with some wierd dolls ,,,,,,
4,1971922863,Sat May 30 08:11:10 PDT 2009,NO_QUERY,jessiepoo92,going to the zoo today. Yay! ,,,,,,
0,1962299613,Fri May 29 10:49:58 PDT 2009,NO_QUERY,censuredbeauty,@nick_carter the video is private ,,,,,,
0,1982959720,Sun May 31 12:14:04 PDT 2009,NO_QUERY,Wee_Free_MacRae,Kim wont let me put Ozzy on the satnav. I've changed the car symbol to a VW camper though ,-),,,,,
4,2058063471,Sat Jun 06 14:11:36 PDT 2009,NO_QUERY,08neon,going with my cousin to get his fitting for his tuxedo for a sweet sixteen! very excited! ,,,,,,
4,1835284876,Mon May 18 05:37:30 PDT 2009,NO_QUERY,Cassia_,Bom dia! 801 followers! Should I celebrate? ,,,,,,
4,2055024348,Sat Jun 06 08:33:10 PDT 2009,NO_QUERY,kimmiemeissner,"I need you like a heart needs a beat, but that's nothing new...I love that song right now ",,,,,,
0,2196147904,Tue Jun 16 12:05:20 PDT 2009,NO_QUERY,melaniebarros,i can remember cuz iÂ´m learning something so boring ,,,,,,
0,1988881788,Sun May 31 23:39:19 PDT 2009,NO_QUERY,nuyorican718,ok so @heidimontag looked gorgeous and had me balling my eyes out when @laurenconrad walked in the room yay!!!! i miss my bff ,,,,,,
4,2175924002,Mon Jun 15 02:23:45 PDT 2009,NO_QUERY,Smelleykins,@SarahGirl9 good morning Sarah! Hope you manage to get everything done x,,,,,,
0,1694979758,Mon May 04 04:48:48 PDT 2009,NO_QUERY,Robyn2oo8,"i am soooo bored revising for my spanish exam tomorrow! 9:30 in the morning, il still be half asleep! haha ",,,,,,
0,2286942334,Mon Jun 22 17:08:11 PDT 2009,NO_QUERY,jaqueestar,ahh! it's raining hard now. i forgot that i had just washed my car :/ not cool ,,,,,,
4,2066827753,Sun Jun 07 11:14:41 PDT 2009,NO_QUERY,KyleZosum,morniiing im still sleepy though i might go back to sleep hah,,,,,,
4,2055491546,Sat Jun 06 09:24:53 PDT 2009,NO_QUERY,_nuree,"in switzerland, Bern right now.. the sun is shining ",,,,,,
4,2017425078,Wed Jun 03 08:22:11 PDT 2009,NO_QUERY,belindaong,Just gotten affirmation from B! YAY! relieved! ,,,,,,
0,2014997983,Wed Jun 03 03:22:47 PDT 2009,NO_QUERY,daisy7186,Seriously feeling ill why does tonight have to be the dinner for 520??? well we shall see how work goes.,,,,,,
4,1999932449,Mon Jun 01 21:05:19 PDT 2009,NO_QUERY,JoeCascio,@golfgirl Dang! I would have got it wrong *again*. What course were you at??,,,,,,
0,2071113671,Sun Jun 07 18:51:27 PDT 2009,NO_QUERY,lone_binky,@btmcclure aww how sad! ,,,,,,
4,2192334599,Tue Jun 16 06:52:49 PDT 2009,NO_QUERY,RomeyLouangvila,@doerrelizabeth - good to see you on here. @WatchPerrelet was sad he didn't see you at JCK as well as me ,,,,,,
4,2186246183,Mon Jun 15 18:33:54 PDT 2009,NO_QUERY,erikaANGEL,"okay, i LOVE nick jonas, but i think he's a manwhore lmfao &lt;333 ",,,,,,
4,2069083224,Sun Jun 07 15:13:51 PDT 2009,NO_QUERY,fartingpen,@rehna_tu no da. i went for star trek last night. slept at 3. woke up 12 hours later. now working. tom morn regular office.,,,,,,
4,1688895006,Sun May 03 12:09:45 PDT 2009,NO_QUERY,godlesswoman,@chesterbr lol I love that ,,,,,,
4,2186504231,Mon Jun 15 18:56:08 PDT 2009,NO_QUERY,NicLizD,"@bhaddad I don't know... you're a smart goat lover, surely you can figure it out ",,,,,,
4,2047965490,Fri Jun 05 14:27:12 PDT 2009,NO_QUERY,helloveggie,@veganhope oh goodness! poor matt. cashews are also good for oral health here here!,,,,,,
4,1976074889,Sat May 30 16:31:51 PDT 2009,NO_QUERY,maupuia,@mtthewbuchanan of it Ice Hockey had a spell-off instead of a face-off ,,,,,,
0,2178074392,Mon Jun 15 07:09:23 PDT 2009,NO_QUERY,GrabMoL,My tums hurts. ,,,,,,
0,2221961517,Thu Jun 18 06:16:55 PDT 2009,NO_QUERY,lueyjingco,Don't you hate it when you hang on to a seemingly interesting movie to see the ending only to find out that the ending sucks? ,,,,,,
4,2190609103,Tue Jun 16 03:13:12 PDT 2009,NO_QUERY,indierx311,@NickHexum I get chills whenever I listen to the new album. You guys are the best ,,,,,,
0,1997935032,Mon Jun 01 17:42:42 PDT 2009,NO_QUERY,chauntayg,Geez...i cant wait to get my hair done tomorrow...i look a hot mess ,,,,,,
4,1973707580,Sat May 30 11:40:36 PDT 2009,NO_QUERY,Katiana_,aww! my little cherub ,,,,,,
4,1553273697,Sat Apr 18 13:49:49 PDT 2009,NO_QUERY,DebsGW,wondering if I'm productive or busy according to Todd Falcones article http://snurl.com/g5ug2,,,,,,
4,1975520541,Sat May 30 15:20:02 PDT 2009,NO_QUERY,GhostOtaku,Thankfully there's Stanley cup hockey on to help ease my bummed-ness about #Phish. Go #RedWings! Less then 2 hours till the puck drops! ,,,,,,
4,1995552395,Mon Jun 01 13:40:25 PDT 2009,NO_QUERY,ItsMeCara,"On that note, I'm a sensitive girl...be nice to my poor little heart. Thanks ",,,,,,
0,2230203414,Thu Jun 18 16:47:01 PDT 2009,NO_QUERY,_bron_,I need some sort of proper filing/organisation method for my magazines so i can pull up tutorials that I know i've read easily ,,,,,,
4,1980242869,Sun May 31 06:09:27 PDT 2009,NO_QUERY,sheila74,@WeddingDaze have fun. Could you let me know if it's a good one. I'm thinking a going further afield in my marketing at wedding fayres. ,,,,,,
4,1695844613,Mon May 04 07:04:18 PDT 2009,NO_QUERY,leannajune,dance gavin dance/attack attack/a skylit drive tonight! i'm so exciteddddd,,,,,,
4,1978093240,Sat May 30 22:25:29 PDT 2009,NO_QUERY,JennysMyName,@KayleenDuhh awhahah I'm gonna fall in love with Jesse too whachout! heheh He's got some good pickup lines lol,,,,,,
0,2012551577,Tue Jun 02 20:51:25 PDT 2009,NO_QUERY,GillianMe,"something bit me on the foot, now it's swollen and sore ",,,,,,
4,1881979414,Fri May 22 05:59:12 PDT 2009,NO_QUERY,mbookworm,@janettefuller and THE HUNGER GAMES by Suzanne Collins. ,,,,,,
4,1996671858,Mon Jun 01 15:29:12 PDT 2009,NO_QUERY,BrittyBoo007,"Ryan Reynolds Told Me, &quot;....And For Godsakes Put Some Pants On.&quot; ",,,,,,
4,2062422284,Sat Jun 06 23:11:14 PDT 2009,NO_QUERY,Oliviastephen,Wade.&quot,Grad...Hot...Bald.&quot,&quot,Your not gonna shave your head!&quot,&quot,Uh.. Yeah.I hot...get babes&quot,Hahahaha man love Wade!
4,1752871285,Sat May 09 23:16:36 PDT 2009,NO_QUERY,ArmyWifey2007,I'm one tough momma. Put together a swing set for Tammy allll by myself today! My hubby would be so proud of me. :],,,,,,
0,2068469316,Sun Jun 07 14:07:59 PDT 2009,NO_QUERY,DianaFletcher,@paulahibner :3 yeah!! I don't talk to you since so long!!,,,,,,
4,1999057168,Mon Jun 01 19:34:08 PDT 2009,NO_QUERY,isharity,@Demusei both. ,,,,,,
0,1992702974,Mon Jun 01 09:11:08 PDT 2009,NO_QUERY,npealer,It is going to be a long day if the alarm keeps going off in the office. ,,,,,,
4,2175516142,Mon Jun 15 01:12:25 PDT 2009,NO_QUERY,iCherAnn,my cutest &amp,youngest cousin http://bit.ly/H1XWN,,,,,
4,2054163541,Sat Jun 06 06:43:00 PDT 2009,NO_QUERY,MaLtMD,is just enjoying the weekend. http://plurk.com/p/yvre4,,,,,,
0,2231475143,Thu Jun 18 18:35:58 PDT 2009,NO_QUERY,fefe91,"@mandiemuller hahah i didnt get your text, i am soo upset now!! lol ",,,,,,
4,1556241686,Sat Apr 18 22:07:08 PDT 2009,NO_QUERY,Riskin,@BrokenDoll Have an amazing weekend Schwin Schwin (sound effects) ,,,,,,
0,1692523211,Sun May 03 20:10:47 PDT 2009,NO_QUERY,H34TH3R,@iamjonathancook http://twitpic.com/4iy98 - I should've been there. ,,,,,,
4,1979451679,Sun May 31 03:06:17 PDT 2009,NO_QUERY,TonyWade,@jimatwax More people have ingrown toenails ,,,,,,
0,1469083808,Tue Apr 07 05:08:09 PDT 2009,NO_QUERY,tinacase,@jillianne ow. ,,,,,,
4,1573442528,Tue Apr 21 01:11:27 PDT 2009,NO_QUERY,vagueonthehow,@Angel_ite Well done! Stationary! You make me proud ,,,,,,
4,1991401818,Mon Jun 01 06:58:31 PDT 2009,NO_QUERY,london_city,"Just got to feltham, long ass drive n I'm hungry for pizza hut salad bar ",,,,,,
4,1969483499,Sat May 30 00:10:44 PDT 2009,NO_QUERY,gidgetch,Everything is funny as long as it is happening to somebody else. - Will Rogers,,,,,,
0,2235025989,Fri Jun 19 00:15:37 PDT 2009,NO_QUERY,liljohnny323,I feel like a beached whale still ,,,,,,
4,1822830661,Sat May 16 20:29:16 PDT 2009,NO_QUERY,SandyB710,@dannygokey Not as much as we love you ,,,,,,
4,2018010214,Wed Jun 03 09:17:44 PDT 2009,NO_QUERY,voyage2k,@Mrbimble76 I need to watch it again. ,,,,,,
4,1675827484,Fri May 01 20:25:27 PDT 2009,NO_QUERY,tayybaybay0,Sitting on the balcony in panama city.. Nice breeze. ,,,,,,
4,2192002101,Tue Jun 16 06:20:35 PDT 2009,NO_QUERY,twofivethreetwo,"@Rockers_Delight ha, tots now or tots later, either way always good. ",,,,,,
0,2183709774,Mon Jun 15 14:52:48 PDT 2009,NO_QUERY,AnnaBokova,@CellarRats69@BitchinRob@GillBH meeee! (jeez that sounds like a goat) and gutted none of you will be there ,,,,,,
0,2262010999,Sat Jun 20 21:43:51 PDT 2009,NO_QUERY,al3xg,@debonairyouth awee yeah i saw the with the whole family a few months before Heidi died ,,,,,,
4,1770897065,Mon May 11 22:33:39 PDT 2009,NO_QUERY,CaroTheNyx,"@deviantcuppy hmm. ouch @ the fact that you haven't missed me!!! Well, fine! uhhh .. errr hm. Jebus? ",,,,,,
4,2182863702,Mon Jun 15 13:44:08 PDT 2009,NO_QUERY,brazilgurl21,@ItsMayaKibbel so what is up? Add me on myspace plz www.myspace.com/mgndwd,,,,,,
4,1963199680,Fri May 29 12:21:28 PDT 2009,NO_QUERY,SorchaD,I'm so tired. Finally got some new clothes today though. Think I'm going to The Corona's later ,,,,,,
0,1573530479,Tue Apr 21 01:36:27 PDT 2009,NO_QUERY,ayetsanjose,"says i wanna play Rc, but our office pc is prohibited to access FS http://plurk.com/p/pbhlg",,,,,,
4,2000186653,Mon Jun 01 21:35:06 PDT 2009,NO_QUERY,gaymarriage,"@LeTeddy Haha, thanks baby ",,,,,,
4,1956836310,Thu May 28 22:48:54 PDT 2009,NO_QUERY,therealTiffany,@jalma04 that's a good first step ,,,,,,
4,1687595016,Sun May 03 09:06:19 PDT 2009,NO_QUERY,raachaaell,"thanks to everyone who came to my 18th last night, i had a great time and i love you all xxx",,,,,,
4,1982215421,Sun May 31 10:45:38 PDT 2009,NO_QUERY,purple_truck,Aw I LOVE the sunday staff! Had such a funny day havin a bbq with the fam now x,,,,,,
0,1969099193,Fri May 29 23:01:44 PDT 2009,NO_QUERY,punkprincess195,can't charge iPod ,,,,,,
0,1559318505,Sun Apr 19 10:49:42 PDT 2009,NO_QUERY,Ashtonpalileo,At work for the third time this weekend. oh what fun!,,,,,,
0,1984944085,Sun May 31 16:07:00 PDT 2009,NO_QUERY,fantasycreative,"@ColeMark I did, about 3 months ago ",,,,,,
4,2001869077,Tue Jun 02 02:21:20 PDT 2009,NO_QUERY,laura_eyedea,"and leaving, all ready, quite heavy backpack... going to the airport ",,,,,,
0,1989694289,Mon Jun 01 02:28:28 PDT 2009,NO_QUERY,scodal,@Daddys_pet yea lol i dont need muscle men chasing after me to hurt me i am little man,,,,,,
4,2002125188,Tue Jun 02 03:13:30 PDT 2009,NO_QUERY,morrow,@devilx wha.. shuffle... cheap crap.. ,,,,,,
4,1961574400,Fri May 29 09:42:50 PDT 2009,NO_QUERY,lganther,@KelsyC ur teeth r white they r asking about u on asp ,,,,,,
0,1794581214,Thu May 14 06:07:47 PDT 2009,NO_QUERY,tinpui1012,I'm only fooling myself ,,,,,,
0,2201813019,Tue Jun 16 20:48:42 PDT 2009,NO_QUERY,talkkok,"i dont usually &quot;fan&quot; things, but i miss subway so much &quot;Weng Keong became a fan of SUBWAY.&quot; ",,,,,,
4,1880570472,Fri May 22 01:42:53 PDT 2009,NO_QUERY,ouspec,@maxime_at_ekohe check this photo http://bit.ly/7a4NK,,,,,,
4,1548285766,Fri Apr 17 20:32:20 PDT 2009,NO_QUERY,chedyer,my honey is finally back home ,,,,,,
4,2062844005,Sun Jun 07 00:29:27 PDT 2009,NO_QUERY,GenevieveEvelyn,@Dino101 okay I believe you ,,,,,,
4,1691384493,Sun May 03 17:44:36 PDT 2009,NO_QUERY,mentormadness,@ransomtech No worries! I thought it was a good question &amp,I figured someone on my PLN may know the answer! It's all about the sharing! ,,,,,
4,2176496917,Mon Jun 15 04:01:54 PDT 2009,NO_QUERY,trystonette,feels really sad and empty *im not emomo* idk why sana tomorrow na for me to laugh na and smile http://plurk.com/p/112a6b,,,,,,
4,2054546570,Sat Jun 06 07:35:15 PDT 2009,NO_QUERY,CharleneBx,@vicvac17 Oooh sounds pure lush U have to get some pics so we can seeee!,,,,,,
4,2051032973,Fri Jun 05 19:44:23 PDT 2009,NO_QUERY,VikkSyn,@TonyPdeLaCouer Didn't know that was you at @SnoohBirdie 's house.,,,,,,
4,2191867827,Tue Jun 16 06:06:41 PDT 2009,NO_QUERY,ercool,@Jhermin but your class starts at 6pm pa diba? ,,,,,,
4,1970179784,Sat May 30 02:47:10 PDT 2009,NO_QUERY,jane__,@AJvampie yeah well I am fast ,,,,,,
4,1965098167,Fri May 29 15:19:46 PDT 2009,NO_QUERY,mysugarisraw,"@melissa_d its the first two episodes in a cinema big screen not watching on showtime internet, plus free drinks and food ",,,,,,
4,1684956170,Sat May 02 22:34:26 PDT 2009,NO_QUERY,MzGlam101,@akeelyou stop being mean to each other. you guys are better than that ,,,,,,
0,1759772320,Sun May 10 19:56:36 PDT 2009,NO_QUERY,sammantha_scout,laying down (: i havent hung out with my boyfroend since weve gone out how effing depressing iloveyoujoshuaaa &lt,3,,,,,
4,1753030097,Sat May 09 23:51:48 PDT 2009,NO_QUERY,MrMailman,@UndeniableQueen ooooo i love pretty feet ,,,,,,
0,1881204377,Fri May 22 03:56:53 PDT 2009,NO_QUERY,liaume,On my way to Tours. Sad to be away from my man for a few days I will enjoy the family for now ,,,,,,
4,2050209293,Fri Jun 05 18:15:43 PDT 2009,NO_QUERY,johnneebee,@movistar26 the woman of my dreams maybe ,,,,,,
4,1834443587,Mon May 18 02:57:29 PDT 2009,NO_QUERY,leopanda2007,@shark_slys ?understood you're from India. and are you also a Bangalore-like iT guy? am just curious ,,,,,,
0,1992968396,Mon Jun 01 09:36:59 PDT 2009,NO_QUERY,foreversiara,my gpa and dad come today. 1 more day till graduation! ahh cant wait! and then its off to florida on wednesday. ,,,,,,
0,2326223602,Thu Jun 25 06:44:05 PDT 2009,NO_QUERY,mcke,is starting to load her computer with trashes again. and the fucking yahoo widget installer is not working ,,,,,,
4,1978956436,Sun May 31 01:04:19 PDT 2009,NO_QUERY,StilRH,"Rolled a hunter *blush* to play with my wife's new paladin. Recruit a friend is pretty fun, hope to terrorize BGS soon ",,,,,,
0,2015299001,Wed Jun 03 04:16:57 PDT 2009,NO_QUERY,zz85,Took me few hours to discover flex builder stores its lib src under src folder and not under lib ,,,,,,
0,1979294100,Sun May 31 02:25:55 PDT 2009,NO_QUERY,LukasVandenberg,@meldraythecool na not able to choose schools getting a full time pe teaching job is hard straight out of uni maybe though if i go well,,,,,,
0,2067048966,Sun Jun 07 11:39:17 PDT 2009,NO_QUERY,redwoodred,"@marieiris I am home. *sniff* Doing home-type stuff. By the time I got my shit together to get there it would be over, or you'd be gone ",,,,,,
0,2064482395,Sun Jun 07 06:23:23 PDT 2009,NO_QUERY,sayachan,@nicksbabe28 wow....storms!? why are you smile ??,,,,,,
0,1988957808,Sun May 31 23:53:34 PDT 2009,NO_QUERY,GrudgedPunkr,Watching Roseanne about to go to bed... It's summer and I'm going to bed at 12. I'm so pathetic ,,,,,,
4,1976107799,Sat May 30 16:36:09 PDT 2009,NO_QUERY,ashleypaigee,Dinner w the fam then hang time with the girls ,,,,,,
0,1979949652,Sun May 31 05:08:19 PDT 2009,NO_QUERY,Tuckaa,:O 19 DAYS?!?!?! ARRRRRRRRGH im going to go revise now ,,,,,,
4,2183124204,Mon Jun 15 14:04:42 PDT 2009,NO_QUERY,Keryje,@paulmccourt WOOHOO well done doing well sir - stAnd up and be proud ,,,,,,
4,1991084543,Mon Jun 01 06:22:17 PDT 2009,NO_QUERY,LighTsKiNFrienD,Sbux. Starring the day off with a morning treat Morning tweetiepies,,,,,,
0,2006669076,Tue Jun 02 11:30:30 PDT 2009,NO_QUERY,julia_lola75,having a cold... ,,,,,,
4,1686986200,Sun May 03 07:25:21 PDT 2009,NO_QUERY,treewatcher21,"@jojo2002jl I know, the characters in the film are really cute Even the bad guy Disney still got it ",,,,,,
0,2203673824,Wed Jun 17 00:16:10 PDT 2009,NO_QUERY,thelazyboy,can't sleep. lying awake crying. i need you to come back &lt,3,,,,,
4,2000827985,Mon Jun 01 23:04:18 PDT 2009,NO_QUERY,jhanny,@kimjohnstone you reading In A Pit With A Lion On A Snowy Day? Or is that some off the wall lion chaser remark? ,,,,,,
4,1979445939,Sun May 31 03:04:52 PDT 2009,NO_QUERY,NicoleGrant,@celestialpoet Agree with both your points ,,,,,,
0,2059894985,Sat Jun 06 17:51:10 PDT 2009,NO_QUERY,nopparat,"not good sleep, felt weird in my stomach all night ",,,,,,
0,2220777007,Thu Jun 18 03:57:12 PDT 2009,NO_QUERY,wesaysummerrr,it's disgusting outside today I don't want to leave the house :'),,,,,,
0,1963325012,Fri May 29 12:33:09 PDT 2009,NO_QUERY,gardnerscot,@zwriter Your missing qualifying I think David Reutimann is leading with a 22.96 ....,,,,,,
4,2190069117,Tue Jun 16 01:40:42 PDT 2009,NO_QUERY,MishaTheMartian,@bananasgoround i hope your tour is going well &amp,that ur enjoying every second of it ,,,,,
4,1970002812,Sat May 30 02:03:26 PDT 2009,NO_QUERY,AnnaGeilager,bought a family size pizza for a dollar last night. Notihng like white wine and pizza on the beach. ,,,,,,
0,2052129094,Fri Jun 05 23:45:00 PDT 2009,NO_QUERY,angel8443,Oh what a freaking night ,,,,,,
4,1995617011,Mon Jun 01 13:46:36 PDT 2009,NO_QUERY,SarahTondryk,@sburkle thanks Shane! I had birthday brownies last night ,,,,,,
4,2178435754,Mon Jun 15 07:41:54 PDT 2009,NO_QUERY,Luna_xxx,Wait wait wait i want a kiss before you go... ,) ,,,,,
0,2175586302,Mon Jun 15 01:24:36 PDT 2009,NO_QUERY,jtyh,Wishes he knew how to make it better ,,,,,,
0,2183564523,Mon Jun 15 14:40:45 PDT 2009,NO_QUERY,Emmaaa123,my double dip broke ,,,,,,
0,1833920246,Mon May 18 00:56:43 PDT 2009,NO_QUERY,cigno,"I'm always here http://bit.ly/14tDZi but In fact, I would prefer to be here http://bit.ly/xSGjp or here http://bit.ly/Jqd4S ",,,,,,
0,2002156341,Tue Jun 02 03:19:54 PDT 2009,NO_QUERY,babyblues7985,So sick this morning....I hate doctors....but it looks like I've got to go to one ,,,,,,
0,1678234766,Sat May 02 06:00:57 PDT 2009,NO_QUERY,CoCo1542,YEA @DGOTMUSIC AND @VANDALYZM THIS IS NOTHING TO PLAY WITH...ITS PRETTY BAD VAN BUT GOOD AT THE OUTCOME,,,,,,
4,1827714731,Sun May 17 11:17:38 PDT 2009,NO_QUERY,absolutspacegrl,@kellishaver Nothing wrong with that! ,,,,,,
0,2012533153,Tue Jun 02 20:49:26 PDT 2009,NO_QUERY,stevefarley,tejas burger + my tummy = no mas ,,,,,,
4,1990616650,Mon Jun 01 05:20:01 PDT 2009,NO_QUERY,JulesMcFLY,"@EviLovesMcFly Twitter , msn, irc &amp; liestening to McMusic. Oh and be bored. ",,,,,,
0,1833460039,Sun May 17 23:21:20 PDT 2009,NO_QUERY,Djalfy,im really lonely tweeples like seriously UGH,,,,,,
4,1695618607,Mon May 04 06:34:02 PDT 2009,NO_QUERY,DoMicAngPes,Hey @robluketic nawwwww pity no show no more lol great while it lasted though aye (robluketic live &gt,http://ustre.am/2w5v),,,,,
4,2177130569,Mon Jun 15 05:30:43 PDT 2009,NO_QUERY,NYJen,I am getting my hair cut today..... ,,,,,,
0,1961285420,Fri May 29 09:15:58 PDT 2009,NO_QUERY,KatieVoid,@brooketastic my keys were cracking and crap. I kind of miss my old phone already. ,,,,,,
0,1469919141,Tue Apr 07 07:48:39 PDT 2009,NO_QUERY,kalmom,Come home to expect his warm hug &amp,gets none! ,,,,,
4,2063399968,Sun Jun 07 02:30:23 PDT 2009,NO_QUERY,JuJuSD,@tevensso haha that's 80ies 100%! ,,,,,,
4,1694310186,Mon May 04 02:02:18 PDT 2009,NO_QUERY,sorryokyes,love for vintage books...old books shopping this morning ,,,,,,
4,1968694920,Fri May 29 22:00:10 PDT 2009,NO_QUERY,marsarmy,@dukkrogers it would definitely be worth the shot ,,,,,,
4,2004626047,Tue Jun 02 08:29:39 PDT 2009,NO_QUERY,tamsinjclark,"@englishmum love your blog! Going to have to try the recipie for brownies, sounds lovely, you have some wonderful pictures ",,,,,,
0,2051864534,Fri Jun 05 23:00:19 PDT 2009,NO_QUERY,Camron25,@kayleevz ha wat up ha i barely saw you tonight . . ,,,,,,
4,1968591778,Fri May 29 21:46:04 PDT 2009,NO_QUERY,yellowbrooke,i got a new cut.thanks ricky! lol ,,,,,,
0,1468098122,Mon Apr 06 23:42:10 PDT 2009,NO_QUERY,britney101,my heart has been broken. ,,,,,,
4,1677477011,Sat May 02 02:16:56 PDT 2009,NO_QUERY,Lisax1992x,"Going to see the HM movie AGAIN today and then probibly again tomorrow, ha i spend my holidays off school so productively ",,,,,,
4,2053208961,Sat Jun 06 03:42:06 PDT 2009,NO_QUERY,sam_lowry,@pr1001 it will work running it.,,,,,,
4,1992578682,Mon Jun 01 08:59:03 PDT 2009,NO_QUERY,jclast,@WhiteSilhouette I just hope it's as fun as SW/Indy/Batman - my wife and had a really good time going through those three ,,,,,,
0,2234157420,Thu Jun 18 22:31:55 PDT 2009,NO_QUERY,sahsuperstar,ohmigosh they ruined it!!!!! ,,,,,,
0,2209777197,Wed Jun 17 10:47:05 PDT 2009,NO_QUERY,batistainthebox,"@jschreckengost Thank you. I'm sure I'd fail at that, too. ",,,,,,
4,2059447555,Sat Jun 06 16:57:21 PDT 2009,NO_QUERY,MATRIXFAN,Back home after having an awesome night out with my friends at the Crazy Bull CafÃ¨. Had so much fun! ,,,,,,
4,1963310060,Fri May 29 12:31:47 PDT 2009,NO_QUERY,maryhtee,that's what I need to be doing ,,,,,,
0,1985837772,Sun May 31 17:52:02 PDT 2009,NO_QUERY,KyleTurpie,"I've been neglecting you Twitter, I'm so sorry ",,,,,,
4,2060365869,Sat Jun 06 18:46:14 PDT 2009,NO_QUERY,Joyfullyblessed,Am I my brother's keeper? Yes I am! I used to be so in love with Wesley Snipes...what the hoodoo was I thinkin? Huge crush on Prince too!,,,,,,
4,1826176491,Sun May 17 07:52:33 PDT 2009,NO_QUERY,allisonnlynn,"@xginalive the house never smelled like chicken, fyi. it was just that old crinkle cut french fry on the stairs ",,,,,,
0,1881155483,Fri May 22 03:47:04 PDT 2009,NO_QUERY,Cass_fryer,has been trying to master the art of the Hoola Hoop! Is it something you loose along with your childhood?! ,,,,,,
4,2048202042,Fri Jun 05 14:49:24 PDT 2009,NO_QUERY,Earthymuffin,http://twitpic.com/6p4b4 - me being a cheffy girl I hate that my eyeliner is runny ... but at least I'm a cheffy girl ,,,,,,
4,2049558292,Fri Jun 05 17:05:28 PDT 2009,NO_QUERY,ilovecats1994,@RyanSeacrest I didn't watch Conan last night but will tonight if you are going to be on the show. ,,,,,,
0,1558003195,Sun Apr 19 06:54:28 PDT 2009,NO_QUERY,SaraCraigers,@srah_scottydog it would be a wonderful idea if my mum wasn't digging away in the garden...noise noise noise. ,,,,,,
0,2057871488,Sat Jun 06 13:49:23 PDT 2009,NO_QUERY,JordansKitKat,And today's weather is ... RAINY! ,,,,,,
4,1960143792,Fri May 29 07:29:38 PDT 2009,NO_QUERY,EspanholPerdido,"just got back home from lunch, really enjoyed it ",,,,,,
0,2190463143,Tue Jun 16 02:48:07 PDT 2009,NO_QUERY,klstewart,"@fidothe Alas, no photo. ",,,,,,
0,2266691145,Sun Jun 21 08:56:31 PDT 2009,NO_QUERY,erinjac,"love yah dad, too bad i won't see you at all today ",,,,,,
4,1685485295,Sun May 03 00:35:59 PDT 2009,NO_QUERY,kerihilsonorg,@BryanStars thanks!! I will be sure to check it out and post it! ,,,,,,
4,1989550184,Mon Jun 01 01:57:37 PDT 2009,NO_QUERY,lize_kay,@erikveld rad! i am free all day tomorrow so whenever suits him/her ,,,,,,
0,1469980960,Tue Apr 07 07:59:50 PDT 2009,NO_QUERY,Monica_777,trying to do my 1st twitpic but my phone is not cooperating! ,,,,,,
4,1969738368,Sat May 30 01:02:49 PDT 2009,NO_QUERY,simmy_wizz,today wasnt as brilliant as i wanted it to be. perhaps tomorrow will be ,,,,,,
4,1831958715,Sun May 17 19:51:39 PDT 2009,NO_QUERY,Muhrisahh,too bad to all you magic fans..its baaad news now ,,,,,,
0,2044396645,Fri Jun 05 09:17:50 PDT 2009,NO_QUERY,DeliciousEnt,its raining now i cant go running,,,,,,
